"","baseMean","log2FoldChange","lfcSE","stat","pvalue","padj","Kingdom","Phylum","Class","Order","Family","Genus","newp","Treatment","OTU","comp"
"Otu0011",29.5699460770466,-2.07557605555056,0.596927438585311,-3.47709942848258,0.000506869813291433,0.00536685684661517,"Bacteria","Bacteroidetes","Bacteroidia","Flavobacteriales","Weeksellaceae","Chryseobacterium","5.0e-03","Control","Otu0011","D1_BBvsControl"
"Otu0021",54.0350298097258,0.733039329372576,0.228597358171334,3.20668329344017,0.00134274733461911,0.0109861145559746,"Bacteria","Firmicutes","Negativicutes","Selenomonadales","Acidaminococcaceae","Phascolarctobacterium","1.1e-02","BB","Otu0021","D1_BBvsControl"
"Otu0022",49.3555711839622,-0.691086151006772,0.20969971002807,-3.29559898253681,0.00098212098459734,0.00883908886137606,"Bacteria","Firmicutes","Clostridia","Clostridiales","Peptostreptococcaceae","Terrisporobacter","9.0e-03","Control","Otu0022","D1_BBvsControl"
"Otu0031",116.60406215898,0.694558684548026,0.150842995657682,4.60451399496358,4.13430216097257e-06,8.26860432194513e-05,"Bacteria","Firmicutes","Clostridia","Clostridiales","Lachnospiraceae","Blautia","0.0e+00","BB","Otu0031","D1_BBvsControl"
"Otu0032",24.8031832590727,8.44019759120847,0.895517300605937,9.42494085317787,4.30348043625509e-21,1.93656619631479e-19,"Bacteria","Proteobacteria","Gammaproteobacteria","Betaproteobacteriales","Burkholderiaceae","Bordetella","0.0e+00","BB","Otu0032","D1_BBvsControl"
"Otu0034",102.395530147652,-2.25596684710363,0.299689252250588,-7.52768686284848,5.16470671005507e-14,1.54941201301652e-12,"Bacteria","Proteobacteria","Gammaproteobacteria","Pseudomonadales","Moraxellaceae","Acinetobacter","0.0e+00","Control","Otu0034","D1_BBvsControl"
"Otu0037",61.1348601560546,2.77622156161176,0.637533382111212,4.35462932531974,1.3329227122975e-05,0.000199938406844625,"Bacteria","Proteobacteria","Gammaproteobacteria","Enterobacteriales","Enterobacteriaceae","Escherichia-Shigella","0.0e+00","BB","Otu0037","D1_BBvsControl"
"Otu0061",2.58128373432827,-3.37231568525176,0.745463213167584,-4.52378551440826,6.07432826054291e-06,9.9398098808884e-05,"Bacteria","Proteobacteria","Gammaproteobacteria","Aeromonadales","Succinivibrionaceae","Succinivibrio","0.0e+00","Control","Otu0061","D1_BBvsControl"
"Otu0076",20.589596955106,0.668814739386617,0.247786822850266,2.69915377941938,0.00695160458660791,0.0463440305773861,"Bacteria","Firmicutes","Clostridia","Clostridiales","Lachnospiraceae","Dorea","4.6e-02","BB","Otu0076","D1_BBvsControl"
"Otu0118",3.72751956948902,-1.74374455590079,0.617407226671092,-2.82430214706529,0.00473836929456102,0.0341162589208393,"Bacteria","Actinobacteria","Coriobacteriia","Coriobacteriales","Atopobiaceae","uncultured","3.4e-02","Control","Otu0118","D1_BBvsControl"
"Otu0131",8.14591871716502,1.98425167603718,0.391277025621823,5.07121948415903,3.95274576671774e-07,1.01642034001313e-05,"Bacteria","Firmicutes","Erysipelotrichia","Erysipelotrichales","Erysipelotrichaceae","Holdemanella","0.0e+00","BB","Otu0131","D1_BBvsControl"
"Otu0156",1.48937806319102,-2.97341185634984,0.888698972624239,-3.34580318864289,0.00082044607960857,0.00777264706997593,"Bacteria","Bacteria_unclassified","Bacteria_unclassified","Bacteria_unclassified","Bacteria_unclassified","Bacteria_unclassified","8.0e-03","Control","Otu0156","D1_BBvsControl"
"Otu0157",7.00206978545428,0.973788334157905,0.349279167914339,2.7879943140403,0.00530354746423713,0.0367168670601032,"Bacteria","Firmicutes","Erysipelotrichia","Erysipelotrichales","Erysipelotrichaceae","Erysipelotrichaceae_unclassified","3.7e-02","BB","Otu0157","D1_BBvsControl"
"Otu0009",687.489464012496,-0.819399357732947,0.262236932820219,-3.12465276694911,0.00178015059308055,0.0113484600308885,"Bacteria","Bacteroidetes","Bacteroidia","Bacteroidales","Prevotellaceae","Prevotella_9","1.1e-02","Control","Otu0009","D3_BBvsControl"
"Otu00111",18.6278557107334,1.33689453653756,0.497612139910077,2.68661961659366,0.00721790988993885,0.0350584194654173,"Bacteria","Bacteroidetes","Bacteroidia","Flavobacteriales","Weeksellaceae","Chryseobacterium","3.5e-02","BB","Otu0011","D3_BBvsControl"
"Otu0014",237.603664722535,-0.771075374876481,0.244160638711388,-3.15806584937688,0.00158819678540343,0.0104513594910419,"Bacteria","Firmicutes","Clostridia","Clostridiales","Clostridiaceae_1","Clostridium_sensu_stricto_1","1.0e-02","Control","Otu0014","D3_BBvsControl"
"Otu00221",112.287955679701,-0.836414856621146,0.237154012455157,-3.52688469388348,0.000420479837920767,0.00357407862232652,"Bacteria","Firmicutes","Clostridia","Clostridiales","Peptostreptococcaceae","Terrisporobacter","4.0e-03","Control","Otu0022","D3_BBvsControl"
"Otu0027",13.0011638524308,2.21921096886056,0.738490794299184,3.00506246793036,0.00265526309932204,0.0155478042612769,"Bacteria","Proteobacteria","Gammaproteobacteria","Pseudomonadales","Moraxellaceae","Enhydrobacter","1.6e-02","BB","Otu0027","D3_BBvsControl"
"Otu0030",155.680934070493,1.7931441727522,0.415101587652114,4.31977189703014,1.56190560924849e-05,0.000289662494806084,"Bacteria","Firmicutes","Bacilli","Lactobacillales","Streptococcaceae","Lactococcus","0.0e+00","BB","Otu0030","D3_BBvsControl"
"Otu00321",277.507016997367,11.7897222056944,1.19332062468839,9.87976069614403,5.09544459908334e-23,3.46490232737667e-21,"Bacteria","Proteobacteria","Gammaproteobacteria","Betaproteobacteriales","Burkholderiaceae","Bordetella","0.0e+00","BB","Otu0032","D3_BBvsControl"
"Otu00371",162.517131380347,2.52415575609114,0.671190159574167,3.76071627404755,0.000169427516491684,0.00195258519490622,"Bacteria","Proteobacteria","Gammaproteobacteria","Enterobacteriales","Enterobacteriaceae","Escherichia-Shigella","2.0e-03","BB","Otu0037","D3_BBvsControl"
"Otu0039",110.572459803072,-0.799526794192724,0.231440890531818,-3.45456151830183,0.000551188452128456,0.00432470939362327,"Bacteria","Firmicutes","Clostridia","Clostridiales","Ruminococcaceae","Faecalibacterium","4.0e-03","Control","Otu0039","D3_BBvsControl"
"Otu0042",48.7900839176151,-0.817953258816634,0.283287592196905,-2.88735998803682,0.00388489465730278,0.0220144030580491,"Bacteria","Actinobacteria","Coriobacteriia","Coriobacteriales","Coriobacteriaceae","Collinsella","2.2e-02","Control","Otu0042","D3_BBvsControl"
"Otu0051",59.687819026456,-0.940043683787297,0.346197835793469,-2.7153366849702,0.00662084225484317,0.0329548474851351,"Bacteria","Firmicutes","Clostridia","Clostridiales","Peptostreptococcaceae","Romboutsia","3.3e-02","Control","Otu0051","D3_BBvsControl"
"Otu0052",73.7357433786888,-0.880516684093623,0.190331226179744,-4.62623344454308,3.72375571305289e-06,8.44051294958655e-05,"Bacteria","Firmicutes","Clostridia","Clostridiales","Family_XIII","Mogibacterium","0.0e+00","Control","Otu0052","D3_BBvsControl"
"Otu00611",5.3690917242719,-2.34624855158262,0.581230619218791,-4.03669124440849,5.42103372310814e-05,0.000921575732928384,"Bacteria","Proteobacteria","Gammaproteobacteria","Aeromonadales","Succinivibrionaceae","Succinivibrio","1.0e-03","Control","Otu0061","D3_BBvsControl"
"Otu0074",81.3281831012008,1.01225118389185,0.215267001868232,4.70230539333412,2.57240357206577e-06,6.55962910876771e-05,"Bacteria","Bacteroidetes","Bacteroidia","Bacteroidales","Prevotellaceae","Prevotellaceae_unclassified","0.0e+00","BB","Otu0074","D3_BBvsControl"
"Otu0080",13.0715229743097,2.12229833888803,0.767557369890627,2.76500288074942,0.00569222931095693,0.0305582836693477,"Bacteria","Proteobacteria","Gammaproteobacteria","Pasteurellales","Pasteurellaceae","Pasteurellaceae_unclassified","3.1e-02","BB","Otu0080","D3_BBvsControl"
"Otu0094",47.8489902945356,-2.57832889609277,0.362294559302655,-7.11666468592723,1.10570042917225e-12,3.22232696501629e-11,"Bacteria","Firmicutes","Negativicutes","Selenomonadales","Acidaminococcaceae","Succiniclasticum","0.0e+00","Control","Otu0094","D3_BBvsControl"
"Otu0105",13.3094754724822,2.14175677643021,0.564650530309778,3.79306608506185,0.000148798535593085,0.00189718132881183,"Bacteria","Proteobacteria","Gammaproteobacteria","Enterobacteriales","Enterobacteriaceae","Enterobacteriaceae_unclassified","2.0e-03","BB","Otu0105","D3_BBvsControl"
"Otu0113",19.8380670626477,-1.37600223728957,0.389470955266555,-3.53300347223025,0.00041086707535333,0.00357407862232652,"Bacteria","Firmicutes","Erysipelotrichia","Erysipelotrichales","Erysipelotrichaceae","Catenisphaera","4.0e-03","Control","Otu0113","D3_BBvsControl"
"Otu0116",9.82306054743651,1.94233036921331,0.517054661534948,3.75652810758391,0.000172286928962313,0.00195258519490622,"Bacteria","Proteobacteria","Gammaproteobacteria","Betaproteobacteriales","Burkholderiaceae","Burkholderiaceae_unclassified","2.0e-03","BB","Otu0116","D3_BBvsControl"
"Otu0132",23.0848526465147,-1.14829513320736,0.350212193203042,-3.27885537823527,0.00104229036254512,0.00708757446530683,"Bacteria","Firmicutes","Clostridia","Clostridiales","Ruminococcaceae","Ruminiclostridium_5","7.0e-03","Control","Otu0132","D3_BBvsControl"
"Otu0149",11.9283787643524,-1.01905819553437,0.392340450027363,-2.59738244033543,0.00939372695030339,0.0416591369100411,"Bacteria","Firmicutes","Clostridia","Clostridiales","Ruminococcaceae","Negativibacillus","4.2e-02","Control","Otu0149","D3_BBvsControl"
"Otu01561",3.73339245949843,-3.52456502241412,0.779209483150809,-4.52325735072191,6.08951233772243e-06,0.000124226051689538,"Bacteria","Bacteria_unclassified","Bacteria_unclassified","Bacteria_unclassified","Bacteria_unclassified","Bacteria_unclassified","0.0e+00","Control","Otu0156","D3_BBvsControl"
"Otu01571",12.3055453410827,-1.49381119435918,0.54877273334591,-2.72209441830555,0.00648696056600311,0.0329548474851351,"Bacteria","Firmicutes","Erysipelotrichia","Erysipelotrichales","Erysipelotrichaceae","Erysipelotrichaceae_unclassified","3.3e-02","Control","Otu0157","D3_BBvsControl"
"Otu0169",8.60716629919009,-1.18871293377557,0.446499020000876,-2.66229684843034,0.00776094014419708,0.0359825406685501,"Bacteria","Firmicutes","Clostridia","Clostridiales","Peptococcaceae","Peptococcus","3.6e-02","Control","Otu0169","D3_BBvsControl"
"Otu0179",1.12155640694573,2.71915151118702,1.00144984393437,2.71521487337235,0.00662327817103205,0.0329548474851351,"Bacteria","Bacteroidetes","Bacteroidia","Sphingobacteriales","Sphingobacteriaceae","Sphingobacterium","3.3e-02","BB","Otu0179","D3_BBvsControl"
"Otu0183",11.0972380735936,-1.41582528477699,0.372991513299888,-3.7958646089587,0.000147129782390972,0.00189718132881183,"Bacteria","Firmicutes","Clostridia","Clostridiales","Lachnospiraceae","Marvinbryantia","2.0e-03","Control","Otu0183","D3_BBvsControl"
"Otu0203",6.24075329675817,-1.67662485821852,0.656998204369481,-2.55194739813265,0.0107122690426746,0.0464958060575662,"Bacteria","Actinobacteria","Coriobacteriia","Coriobacteriales","Atopobiaceae","Atopobiaceae_ge","4.6e-02","Control","Otu0203","D3_BBvsControl"
"Otu0387",1.42307570097478,4.19527160473531,1.39671896726466,3.00366194135054,0.00266751543698378,0.0155478042612769,"Bacteria","Proteobacteria","Gammaproteobacteria","Xanthomonadales","Xanthomonadaceae","Stenotrophomonas","1.6e-02","BB","Otu0387","D3_BBvsControl"
"Otu0483",1.95656965965832,-4.05098549727156,1.1281847922695,-3.59071095890455,0.00032977718908212,0.00305793393512512,"Bacteria","Firmicutes","Clostridia","Clostridiales","Lachnospiraceae","Coprococcus_2","3.0e-03","Control","Otu0483","D3_BBvsControl"
"Otu0652",0.838506695334206,3.4603699436029,1.04462160062614,3.31255829051282,0.000924468590429709,0.00650315836026416,"Bacteria","Actinobacteria","Actinobacteria","Bifidobacteriales","Bifidobacteriaceae","Bifidobacterium","7.0e-03","BB","Otu0652","D3_BBvsControl"
"Otu00112",196.65842057029,-1.73033152983654,0.703220166129036,-2.46058292008514,0.0138711514257011,0.0437911896110933,"Bacteria","Bacteroidetes","Bacteroidia","Flavobacteriales","Weeksellaceae","Chryseobacterium","4.4e-02","Control","Otu0011","D7_BBvsControl"
"Otu00141",134.035174339134,-0.484921203222808,0.197701630278682,-2.45279314358338,0.0141751827642845,0.0437911896110933,"Bacteria","Firmicutes","Clostridia","Clostridiales","Clostridiaceae_1","Clostridium_sensu_stricto_1","4.4e-02","Control","Otu0014","D7_BBvsControl"
"Otu0019",68.5417216370718,-0.861618704925954,0.26041835634548,-3.30859435954239,0.0009376558192461,0.0047710134332228,"Bacteria","Firmicutes","Bacilli","Lactobacillales","Leuconostocaceae","Weissella","5.0e-03","Control","Otu0019","D7_BBvsControl"
"Otu0020",60.3551318042325,0.887543248701839,0.245169004443236,3.62012828953397,0.000294456984450718,0.00164325994548304,"Bacteria","Firmicutes","Negativicutes","Selenomonadales","Veillonellaceae","Megasphaera","2.0e-03","BB","Otu0020","D7_BBvsControl"
"Otu00211",59.8884171485017,0.517733432945548,0.177630915400244,2.91465836213799,0.00356078101700903,0.0150247589254283,"Bacteria","Firmicutes","Negativicutes","Selenomonadales","Acidaminococcaceae","Phascolarctobacterium","1.5e-02","BB","Otu0021","D7_BBvsControl"
"Otu00222",108.205860609967,-0.87182597090123,0.214349051357966,-4.06731900784234,4.75571194979208e-05,0.000360122471623521,"Bacteria","Firmicutes","Clostridia","Clostridiales","Peptostreptococcaceae","Terrisporobacter","0.0e+00","Control","Otu0022","D7_BBvsControl"
"Otu00301",139.185659102025,-1.9699709420862,0.383469975241893,-5.13722343149171,2.78827376950583e-07,4.01976135103758e-06,"Bacteria","Firmicutes","Bacilli","Lactobacillales","Streptococcaceae","Lactococcus","0.0e+00","Control","Otu0030","D7_BBvsControl"
"Otu00311",84.7301506340937,-0.804987122300802,0.197992120007477,-4.06575333538729,4.78775540308728e-05,0.000360122471623521,"Bacteria","Firmicutes","Clostridia","Clostridiales","Lachnospiraceae","Blautia","0.0e+00","Control","Otu0031","D7_BBvsControl"
"Otu00322",398.202474199117,12.2554107929514,0.957092568382827,12.8048333022364,1.54056285255265e-37,2.66517373491608e-35,"Bacteria","Proteobacteria","Gammaproteobacteria","Betaproteobacteriales","Burkholderiaceae","Bordetella","0.0e+00","BB","Otu0032","D7_BBvsControl"
"Otu0033",40.6522576310512,-1.48990015201175,0.306249595417939,-4.86498651525886,1.14464611134632e-06,1.52325982509934e-05,"Bacteria","Firmicutes","Erysipelotrichia","Erysipelotrichales","Erysipelotrichaceae","Turicibacter","0.0e+00","Control","Otu0033","D7_BBvsControl"
"Otu00341",39.5401272053837,-4.20869133399977,0.709658361928621,-5.93058795581851,3.01851834039702e-09,6.52754591110856e-08,"Bacteria","Proteobacteria","Gammaproteobacteria","Pseudomonadales","Moraxellaceae","Acinetobacter","0.0e+00","Control","Otu0034","D7_BBvsControl"
"Otu00372",63.2283105658309,3.03763134875629,0.700575426831847,4.33590907190838,1.45158944530867e-05,0.000147720572963764,"Bacteria","Proteobacteria","Gammaproteobacteria","Enterobacteriales","Enterobacteriaceae","Escherichia-Shigella","0.0e+00","BB","Otu0037","D7_BBvsControl"
"Otu00421",39.3422466164363,-1.00013096448817,0.254764141755673,-3.92571324047375,8.64731245878887e-05,0.000534280376918026,"Bacteria","Actinobacteria","Coriobacteriia","Coriobacteriales","Coriobacteriaceae","Collinsella","1.0e-03","Control","Otu0042","D7_BBvsControl"
"Otu0045",36.0900790614483,0.699150722860612,0.226762528044538,3.08318454944767,0.00204798106657712,0.00908463396199592,"Bacteria","Bacteroidetes","Bacteroidia","Bacteroidales","Prevotellaceae","uncultured","9.0e-03","BB","Otu0045","D7_BBvsControl"
"Otu00511",25.1760520984116,-1.6272022225272,0.312129760400191,-5.21322356586861,1.85587005653902e-07,2.91877745255682e-06,"Bacteria","Firmicutes","Clostridia","Clostridiales","Peptostreptococcaceae","Romboutsia","0.0e+00","Control","Otu0051","D7_BBvsControl"
"Otu00521",46.1045705906485,-0.710023573614775,0.170235557302926,-4.17083002437218,3.0349217953156e-05,0.000276337616099789,"Bacteria","Firmicutes","Clostridia","Clostridiales","Family_XIII","Mogibacterium","0.0e+00","Control","Otu0052","D7_BBvsControl"
"Otu0053",14.6630290818125,-1.30340636346601,0.462426918481558,-2.81862130289889,0.00482303833340629,0.0194043170157974,"Bacteria","Firmicutes","Bacilli","Lactobacillales","Enterococcaceae","Enterococcus","1.9e-02","Control","Otu0053","D7_BBvsControl"
"Otu0060",9.28467393823499,0.94887233061992,0.385248908970707,2.46301107809774,0.0137775658854036,0.0437911896110933,"Bacteria","Spirochaetes","Spirochaetia","Spirochaetales","Spirochaetaceae","Treponema_2","4.4e-02","BB","Otu0060","D7_BBvsControl"
"Otu00612",2.33802231908925,-3.75210651919113,0.844286164838549,-4.44411702507128,8.8253560516483e-06,9.54241623084473e-05,"Bacteria","Proteobacteria","Gammaproteobacteria","Aeromonadales","Succinivibrionaceae","Succinivibrio","0.0e+00","Control","Otu0061","D7_BBvsControl"
"Otu0063",8.30875339759604,2.63009693290088,0.387408252467413,6.78895432957282,1.12949186482067e-11,3.90804185227953e-10,"Bacteria","Firmicutes","Negativicutes","Selenomonadales","Veillonellaceae","Anaerovibrio","0.0e+00","BB","Otu0063","D7_BBvsControl"
"Otu0065",44.7948887534346,-0.575254916244944,0.198009213921778,-2.90519266680283,0.00367027097104211,0.0151180209045306,"Bacteria","Firmicutes","Clostridia","Clostridiales","Ruminococcaceae","Subdoligranulum","1.5e-02","Control","Otu0065","D7_BBvsControl"
"Otu0070",49.8206408035908,0.744843604045011,0.209598705891802,3.55366509003882,0.000379902670756459,0.00205384881377711,"Bacteria","Bacteroidetes","Bacteroidia","Bacteroidales","Prevotellaceae","Prevotella_2","2.0e-03","BB","Otu0070","D7_BBvsControl"
"Otu0071",18.2352843794939,0.812099152809261,0.261845553563318,3.10144335757408,0.0019257971198902,0.00876744478265802,"Bacteria","Firmicutes","Negativicutes","Selenomonadales","Veillonellaceae","Veillonella","9.0e-03","BB","Otu0071","D7_BBvsControl"
"Otu00741",48.4431667041446,0.515527182771335,0.214567124867232,2.40263825639799,0.0162772802711953,0.0485511980502894,"Bacteria","Bacteroidetes","Bacteroidia","Bacteroidales","Prevotellaceae","Prevotellaceae_unclassified","4.9e-02","BB","Otu0074","D7_BBvsControl"
"Otu00761",22.1642175886203,0.812604939842086,0.266733681570124,3.04650292028625,0.00231520230218177,0.0100132499569362,"Bacteria","Firmicutes","Clostridia","Clostridiales","Lachnospiraceae","Dorea","1.0e-02","BB","Otu0076","D7_BBvsControl"
"Otu00801",37.1996826818344,3.89738956000267,0.920026112517216,4.23617276398743,2.27361867675539e-05,0.000218520017265935,"Bacteria","Proteobacteria","Gammaproteobacteria","Pasteurellales","Pasteurellaceae","Pasteurellaceae_unclassified","0.0e+00","BB","Otu0080","D7_BBvsControl"
"Otu0084",11.2557450078604,0.862100507874773,0.308960742673149,2.79032378164236,0.00526553549437164,0.0204733611451868,"Bacteria","Firmicutes","Clostridia","Clostridiales","Lachnospiraceae","Coprococcus_3","2.0e-02","BB","Otu0084","D7_BBvsControl"
"Otu0089",1.94746244638214,4.32673227429837,1.11753748561244,3.87166634676885,0.000108093849856395,0.000644835725005389,"Bacteria","Proteobacteria","Gammaproteobacteria","Betaproteobacteriales","Burkholderiaceae","Massilia","1.0e-03","BB","Otu0089","D7_BBvsControl"
"Otu00941",4.88148014155158,-2.48310261345438,0.645423298227445,-3.84724663685653,0.000119452703891628,0.000688843925775052,"Bacteria","Firmicutes","Negativicutes","Selenomonadales","Acidaminococcaceae","Succiniclasticum","1.0e-03","Control","Otu0094","D7_BBvsControl"
"Otu0096",10.6899619867711,1.70230425604526,0.367410668046854,4.63324667488474,3.59975181675708e-06,4.44826474499268e-05,"Bacteria","Bacteroidetes","Bacteroidia","Bacteroidales","Muribaculaceae","Muribaculaceae_ge","0.0e+00","BB","Otu0096","D7_BBvsControl"
"Otu01131",14.8836539143597,-2.35329542126021,0.410157699844404,-5.73753807901923,9.60626860097776e-09,1.66188446796915e-07,"Bacteria","Firmicutes","Erysipelotrichia","Erysipelotrichales","Erysipelotrichaceae","Catenisphaera","0.0e+00","Control","Otu0113","D7_BBvsControl"
"Otu0121",5.86887319660084,1.09214505940779,0.403908115334525,2.70394433274324,0.00685217674023896,0.0246963870012779,"Bacteria","Firmicutes","Clostridia","Clostridiales","Lachnospiraceae","Coprococcus_1","2.5e-02","BB","Otu0121","D7_BBvsControl"
"Otu01311",5.26608240171573,-1.19656188754029,0.494899788436475,-2.41778621753014,0.0156152479784964,0.0473936473733312,"Bacteria","Firmicutes","Erysipelotrichia","Erysipelotrichales","Erysipelotrichaceae","Holdemanella","4.7e-02","Control","Otu0131","D7_BBvsControl"
"Otu0142",10.8748060024042,-0.943030220238269,0.383778996157023,-2.45722207228982,0.0140016104021422,0.0437911896110933,"Bacteria","Firmicutes","Clostridia","Clostridiales","Eubacteriaceae","Pseudoramibacter","4.4e-02","Control","Otu0142","D7_BBvsControl"
"Otu01491",13.3017822512852,-1.43440500088344,0.514739965322499,-2.78665947374951,0.00532544076030871,0.0204733611451868,"Bacteria","Firmicutes","Clostridia","Clostridiales","Ruminococcaceae","Negativibacillus","2.0e-02","Control","Otu0149","D7_BBvsControl"
"Otu0150",18.1739802057377,-1.36398686730784,0.33074079907911,-4.12403571348206,3.72291131386082e-05,0.000306696979665677,"Bacteria","Firmicutes","Clostridia","Clostridiales","Family_XIII","Family_XIII_ge","0.0e+00","Control","Otu0150","D7_BBvsControl"
"Otu01572",4.15982607548156,-2.17928712975522,0.542207530082852,-4.01928599077591,5.83747781491957e-05,0.000420784859158786,"Bacteria","Firmicutes","Erysipelotrichia","Erysipelotrichales","Erysipelotrichaceae","Erysipelotrichaceae_unclassified","0.0e+00","Control","Otu0157","D7_BBvsControl"
"Otu0200",3.54616562433453,-2.02732337776304,0.51559278269746,-3.93202435293326,8.42335300598565e-05,0.000534280376918026,"Bacteria","Actinobacteria","Coriobacteriia","Coriobacteriales","Eggerthellaceae","Enterorhabdus","1.0e-03","Control","Otu0200","D7_BBvsControl"
"Otu0201",6.30232718614804,1.29898285112165,0.411294662732671,3.158277918053,0.00158704179272284,0.00742049270651491,"Bacteria","Firmicutes","Clostridia","Clostridiales","Ruminococcaceae","Ruminococcus_1","7.0e-03","BB","Otu0201","D7_BBvsControl"
"Otu0267",2.55248120705232,2.77041659929067,0.699259812616849,3.96192738278909,7.43471548343267e-05,0.000494694530243789,"Bacteria","Firmicutes","Clostridia","Clostridiales","Ruminococcaceae","Ruminiclostridium_6","0.0e+00","BB","Otu0267","D7_BBvsControl"
"Otu0324",7.92638012378336,-1.93950130450746,0.467011347382101,-4.15300680675023,3.28134974392784e-05,0.000283836752849758,"Bacteria","Firmicutes","Erysipelotrichia","Erysipelotrichales","Erysipelotrichaceae","Sharpea","0.0e+00","Control","Otu0324","D7_BBvsControl"
"Otu0559",0.846627024803607,2.45233581671031,0.962368909086919,2.54822843252184,0.0108271548295936,0.0374619557103937,"Bacteria","Firmicutes","Bacilli","Lactobacillales","Aerococcaceae","Ignavigranum","3.7e-02","BB","Otu0559","D7_BBvsControl"
"Otu00142",247.852284253121,0.675033948681565,0.1199685365796,5.62675821450631,1.83627829147732e-08,1.87300385730687e-07,"Bacteria","Firmicutes","Clostridia","Clostridiales","Clostridiaceae_1","Clostridium_sensu_stricto_1","0.0e+00","BB","Otu0014","D10_BBvsControl"
"Otu0018",129.264787433159,-0.765947792122664,0.166478922088922,-4.60086948252552,4.20731003874241e-06,3.30112018424405e-05,"Bacteria","Bacteroidetes","Bacteroidia","Bacteroidales","Prevotellaceae","Prevotellaceae_NK3B31_group","0.0e+00","Control","Otu0018","D10_BBvsControl"
"Otu00191",279.992664605851,0.594395384032279,0.212326364245528,2.79944219901462,0.00511909805329544,0.0165761270297186,"Bacteria","Firmicutes","Bacilli","Lactobacillales","Leuconostocaceae","Weissella","1.7e-02","BB","Otu0019","D10_BBvsControl"
"Otu00201",112.477596191823,-1.56161739203001,0.157988601217503,-9.88436747965208,4.86645288311772e-23,1.93357574756331e-21,"Bacteria","Firmicutes","Negativicutes","Selenomonadales","Veillonellaceae","Megasphaera","0.0e+00","Control","Otu0020","D10_BBvsControl"
"Otu00212",128.850513280521,-0.426735131229879,0.172922867104561,-2.46777732971456,0.0135954861652233,0.038960531011244,"Bacteria","Firmicutes","Negativicutes","Selenomonadales","Acidaminococcaceae","Phascolarctobacterium","3.9e-02","Control","Otu0021","D10_BBvsControl"
"Otu00223",151.4863018995,1.37372389004482,0.118318438034176,11.6103957495452,3.64922707595203e-31,2.48147441164738e-29,"Bacteria","Firmicutes","Clostridia","Clostridiales","Peptostreptococcaceae","Terrisporobacter","0.0e+00","BB","Otu0022","D10_BBvsControl"
"Otu00302",117.707374317279,1.75278128426314,0.234371845462636,7.47863413714756,7.50990236373023e-14,1.39274552927361e-12,"Bacteria","Firmicutes","Bacilli","Lactobacillales","Streptococcaceae","Lactococcus","0.0e+00","BB","Otu0030","D10_BBvsControl"
"Otu00323",66.2057521414971,8.99045383393489,0.80187082780473,11.2118479962015,3.56667843986893e-29,1.81900600433316e-27,"Bacteria","Proteobacteria","Gammaproteobacteria","Betaproteobacteriales","Burkholderiaceae","Bordetella","0.0e+00","BB","Otu0032","D10_BBvsControl"
"Otu00331",65.1498488630053,0.807035041297817,0.20311942241881,3.97320468760392,7.09120611386503e-05,0.000380685801902228,"Bacteria","Firmicutes","Erysipelotrichia","Erysipelotrichales","Erysipelotrichaceae","Turicibacter","0.0e+00","BB","Otu0033","D10_BBvsControl"
"Otu00391",67.9672921391504,-0.42398467021941,0.156322951659272,-2.71223557205819,0.00668310790749454,0.0213024064551389,"Bacteria","Firmicutes","Clostridia","Clostridiales","Ruminococcaceae","Faecalibacterium","2.1e-02","Control","Otu0039","D10_BBvsControl"
"Otu00451",46.8799084795673,-0.770862979999673,0.172661405235053,-4.46459345648356,8.02209274080275e-06,5.45502306374587e-05,"Bacteria","Bacteroidetes","Bacteroidia","Bacteroidales","Prevotellaceae","uncultured","0.0e+00","Control","Otu0045","D10_BBvsControl"
"Otu00512",49.6883965174069,1.77396872756127,0.187476415798786,9.46235674499574,3.01079384771639e-21,6.82446605482381e-20,"Bacteria","Firmicutes","Clostridia","Clostridiales","Peptostreptococcaceae","Romboutsia","0.0e+00","BB","Otu0051","D10_BBvsControl"
"Otu00522",44.4162506229535,-0.522900717884598,0.141136888660432,-3.70491884047883,0.000211458428105331,0.00102708379365447,"Bacteria","Firmicutes","Clostridia","Clostridiales","Family_XIII","Mogibacterium","1.0e-03","Control","Otu0052","D10_BBvsControl"
"Otu00601",31.43917327002,-1.99123424883753,0.285605034765528,-6.97198580715592,3.12498087313485e-12,4.35790656173783e-11,"Bacteria","Spirochaetes","Spirochaetia","Spirochaetales","Spirochaetaceae","Treponema_2","0.0e+00","Control","Otu0060","D10_BBvsControl"
"Otu00613",12.3209938614858,-2.80812208097942,0.402976125317746,-6.96845769402648,3.20434306010134e-12,4.35790656173783e-11,"Bacteria","Proteobacteria","Gammaproteobacteria","Aeromonadales","Succinivibrionaceae","Succinivibrio","0.0e+00","Control","Otu0061","D10_BBvsControl"
"Otu00631",7.20190834963735,-1.62230405307779,0.375871169662051,-4.31611728703859,1.5879762697622e-05,0.000104499083558545,"Bacteria","Firmicutes","Negativicutes","Selenomonadales","Veillonellaceae","Anaerovibrio","0.0e+00","Control","Otu0063","D10_BBvsControl"
"Otu00651",50.858503371922,-0.657706742670354,0.162626039630027,-4.04428924277215,5.24820948538031e-05,0.000289360739193941,"Bacteria","Firmicutes","Clostridia","Clostridiales","Ruminococcaceae","Subdoligranulum","0.0e+00","Control","Otu0065","D10_BBvsControl"
"Otu0067",1.44685662753026,3.49435618308054,0.829275160118277,4.21374756067956,2.51168003356895e-05,0.000160119602140021,"Bacteria","Actinobacteria","Actinobacteria","Micrococcales","Dermabacteraceae","Brachybacterium","0.0e+00","BB","Otu0067","D10_BBvsControl"
"Otu00701",46.4041174233809,1.21559677330654,0.22654117332061,5.36589775486938,8.05475631310581e-08,7.82462041844565e-07,"Bacteria","Bacteroidetes","Bacteroidia","Bacteroidales","Prevotellaceae","Prevotella_2","0.0e+00","BB","Otu0070","D10_BBvsControl"
"Otu0073",25.0033396475094,0.430118520196237,0.175281588537549,2.45387164610329,0.0141327416413336,0.038960531011244,"Bacteria","Firmicutes","Clostridia","Clostridiales","Ruminococcaceae","Ruminococcus_2","3.9e-02","BB","Otu0073","D10_BBvsControl"
"Otu00742",87.8303686700016,-0.646299850739288,0.193067706951813,-3.34752953222051,0.000815352998558275,0.00369626692679751,"Bacteria","Bacteroidetes","Bacteroidia","Bacteroidales","Prevotellaceae","Prevotellaceae_unclassified","4.0e-03","Control","Otu0074","D10_BBvsControl"
"Otu00762",44.6803044509013,1.4164530386285,0.175901772247718,8.05252284004137,8.11045966592015e-16,1.65453377184771e-14,"Bacteria","Firmicutes","Clostridia","Clostridiales","Lachnospiraceae","Dorea","0.0e+00","BB","Otu0076","D10_BBvsControl"
"Otu00891",6.28751765821781,2.74250195529765,0.749726342981717,3.65800399168384,0.000254187089080182,0.00117850377664448,"Bacteria","Proteobacteria","Gammaproteobacteria","Betaproteobacteriales","Burkholderiaceae","Massilia","1.0e-03","BB","Otu0089","D10_BBvsControl"
"Otu00942",15.6872898237725,2.96669306493799,0.308992036096118,9.60119588329822,7.90221745406205e-22,2.01506545078582e-20,"Bacteria","Firmicutes","Negativicutes","Selenomonadales","Acidaminococcaceae","Succiniclasticum","0.0e+00","BB","Otu0094","D10_BBvsControl"
"Otu0102",13.4569465154234,-2.07425935934946,0.387598295968623,-5.35156986220955,8.71944620874352e-08,8.08530466628945e-07,"Bacteria","Bacteroidetes","Bacteroidia","Bacteroidales","Tannerellaceae","Parabacteroides","0.0e+00","Control","Otu0102","D10_BBvsControl"
"Otu0109",21.6307432084944,-1.40089939560271,0.56068179323284,-2.49856409198746,0.012469759147687,0.0363404409446879,"Bacteria","Bacteroidetes","Bacteroidia","Bacteroidales","Porphyromonadaceae","Porphyromonas","3.6e-02","Control","Otu0109","D10_BBvsControl"
"Otu0111",13.2331727971441,1.06702177374362,0.381014485576815,2.80047560955134,0.0051027363435916,0.0165761270297186,"Bacteria","Firmicutes","Erysipelotrichia","Erysipelotrichales","Erysipelotrichaceae","Catenibacterium","1.7e-02","BB","Otu0111","D10_BBvsControl"
"Otu0114",6.62903456424037,-2.46791801691078,0.632417572627373,-3.90235522181624,9.52612179933275e-05,0.000498289447965098,"Bacteria","Firmicutes","Clostridia","Clostridiales","Family_XI","Parvimonas","0.0e+00","Control","Otu0114","D10_BBvsControl"
"Otu01161",25.7785388574386,-1.38834276081843,0.565613025831124,-2.4545806008947,0.0141049040425673,0.038960531011244,"Bacteria","Proteobacteria","Gammaproteobacteria","Betaproteobacteriales","Burkholderiaceae","Burkholderiaceae_unclassified","3.9e-02","Control","Otu0116","D10_BBvsControl"
"Otu01211",17.5402815268949,0.937087253143653,0.252379205866684,3.71301292404674,0.000204806424115557,0.00101903684194082,"Bacteria","Firmicutes","Clostridia","Clostridiales","Lachnospiraceae","Coprococcus_1","1.0e-03","BB","Otu0121","D10_BBvsControl"
"Otu01312",11.1352782981152,1.04232023032554,0.346742974606848,3.00603128731696,0.00264681762134307,0.00947282096059627,"Bacteria","Firmicutes","Erysipelotrichia","Erysipelotrichales","Erysipelotrichaceae","Holdemanella","9.0e-03","BB","Otu0131","D10_BBvsControl"
"Otu0135",21.2347372034241,-1.31640125266829,0.272091972222099,-4.83807457426108,1.31102954724141e-06,1.07812604601683e-05,"Bacteria","Actinobacteria","Coriobacteriia","Coriobacteriales","Eggerthellaceae","Eggerthellaceae_unclassified","0.0e+00","Control","Otu0135","D10_BBvsControl"
"Otu0139",6.55488461999814,-1.43557728636543,0.440515045177236,-3.2588609675927,0.00111860472374298,0.00485522050305464,"Bacteria","Actinobacteria","Actinobacteria","Actinomycetales","Actinomycetaceae","Actinomyces","5.0e-03","Control","Otu0139","D10_BBvsControl"
"Otu01492",7.2719440140932,1.11812969279291,0.39700086942046,2.81644142095998,0.00485588973896757,0.0162393689631047,"Bacteria","Firmicutes","Clostridia","Clostridiales","Ruminococcaceae","Negativibacillus","1.6e-02","BB","Otu0149","D10_BBvsControl"
"Otu0155",3.74849189035186,-1.5920670758363,0.509196150483977,-3.12662826363295,0.00176823353424564,0.00680603096200208,"Bacteria","Epsilonbacteraeota","Campylobacteria","Campylobacterales","Campylobacteraceae","Campylobacter","7.0e-03","Control","Otu0155","D10_BBvsControl"
"Otu01562",4.1548874026425,-2.91327875416165,0.569452809864777,-5.11592655913568,3.12204527863295e-07,2.76911842104835e-06,"Bacteria","Bacteria_unclassified","Bacteria_unclassified","Bacteria_unclassified","Bacteria_unclassified","Bacteria_unclassified","0.0e+00","Control","Otu0156","D10_BBvsControl"
"Otu01691",9.31938054518226,-0.779452673039226,0.291023593439685,-2.67831437247636,0.00739937334447075,0.023222648650339,"Bacteria","Firmicutes","Clostridia","Clostridiales","Peptococcaceae","Peptococcus","2.3e-02","Control","Otu0169","D10_BBvsControl"
"Otu0192",7.2854375045495,0.968132827965032,0.386877647009502,2.50242637549244,0.0123345277221231,0.0363404409446879,"Bacteria","Firmicutes","Clostridia","Clostridiales","Lachnospiraceae","Lachnospiraceae_ND3007_group","3.6e-02","BB","Otu0192","D10_BBvsControl"
"Otu02001",6.24032914061195,-1.06418903753508,0.34533816048553,-3.08158541193038,0.0020590139551222,0.00766993974196665,"Bacteria","Actinobacteria","Coriobacteriia","Coriobacteriales","Eggerthellaceae","Enterorhabdus","8.0e-03","Control","Otu0200","D10_BBvsControl"
"Otu02011",13.4991032722833,0.785123183616904,0.276724254413619,2.8372040798541,0.00455105122071374,0.0154735741504267,"Bacteria","Firmicutes","Clostridia","Clostridiales","Ruminococcaceae","Ruminococcus_1","1.5e-02","BB","Otu0201","D10_BBvsControl"
"Otu0216",9.42600315664173,-5.71673294886704,1.00675850512951,-5.67835575238734,1.3599564686117e-08,1.4601637873515e-07,"Bacteria","Proteobacteria","Alphaproteobacteria","Caulobacterales","Caulobacteraceae","Brevundimonas","0.0e+00","Control","Otu0216","D10_BBvsControl"
"Otu0260",3.0751751553641,1.37893128814714,0.569799705728062,2.42002808054316,0.0155193086240975,0.0422125194575451,"Bacteria","Firmicutes","Clostridia","Clostridiales","Lachnospiraceae","Lachnoclostridium","4.2e-02","BB","Otu0260","D10_BBvsControl"
"Otu0266",11.1427804270137,-1.59705992780551,0.495929833059762,-3.22033445326741,0.00128041120476486,0.00533069154636798,"Bacteria","Fusobacteria","Fusobacteriia","Fusobacteriales","Leptotrichiaceae","Leptotrichia","5.0e-03","Control","Otu0266","D10_BBvsControl"
"Otu03241",7.27090542733868,-2.18930098212815,0.478524008569417,-4.57511210079768,4.75965063026509e-06,3.59618047620029e-05,"Bacteria","Firmicutes","Erysipelotrichia","Erysipelotrichales","Erysipelotrichaceae","Sharpea","0.0e+00","Control","Otu0324","D10_BBvsControl"
"Otu0330",3.59031067766044,-1.64248427389923,0.513008032945304,-3.20167359655039,0.00136631720635737,0.00557457420193806,"Bacteria","Firmicutes","Negativicutes","Selenomonadales","Acidaminococcaceae","Acidaminococcus","6.0e-03","Control","Otu0330","D10_BBvsControl"
"Otu0429",2.54306038819087,-3.09109319987081,0.760094876490899,-4.06672021543065,4.76794290175145e-05,0.000270183431099249,"Bacteria","Firmicutes","Clostridia","Clostridiales","Lachnospiraceae","Anaerostipes","0.0e+00","Control","Otu0429","D10_BBvsControl"
"Otu0539",0.710477378486144,-2.60183297437282,1.08755503688265,-2.39236901686435,0.0167400020293863,0.0449336896578264,"Bacteria","Kiritimatiellaeota","Kiritimatiellae","WCHB1-41","WCHB1-41_fa","WCHB1-41_ge","4.5e-02","Control","Otu0539","D10_BBvsControl"
"Otu0585",1.1084449396,-3.59062541431953,1.43040984801479,-2.51020742013404,0.0120660264488999,0.0361980793466996,"Bacteria","Firmicutes","Clostridia","Clostridiales","Ruminococcaceae","Fastidiosipila","3.6e-02","Control","Otu0585","D10_BBvsControl"
"Otu00113",550.588635535305,4.57446352982464,0.456829090727151,10.0135118859075,1.32947544371173e-23,4.56453235674362e-22,"Bacteria","Bacteroidetes","Bacteroidia","Flavobacteriales","Weeksellaceae","Chryseobacterium","0.0e+00","BB","Otu0011","D14_BBvsControl"
"Otu00192",329.969075259066,-1.09518158430078,0.231729839517636,-4.72611376497944,2.28857464138604e-06,1.57148792041841e-05,"Bacteria","Firmicutes","Bacilli","Lactobacillales","Leuconostocaceae","Weissella","0.0e+00","Control","Otu0019","D14_BBvsControl"
"Otu00202",122.145526124401,-0.677626658341774,0.163962428632028,-4.13281667022959,3.58344548512159e-05,0.000189279428188474,"Bacteria","Firmicutes","Negativicutes","Selenomonadales","Veillonellaceae","Megasphaera","0.0e+00","Control","Otu0020","D14_BBvsControl"
"Otu00224",221.597854389561,0.520123270988035,0.189511040500852,2.744553930016,0.00605931975559461,0.0201325785427821,"Bacteria","Firmicutes","Clostridia","Clostridiales","Peptostreptococcaceae","Terrisporobacter","2.0e-02","BB","Otu0022","D14_BBvsControl"
"Otu00271",233.664916734759,3.14333544131432,0.43972091045466,7.14847842479039,8.774503762575e-13,1.29110555363604e-11,"Bacteria","Proteobacteria","Gammaproteobacteria","Pseudomonadales","Moraxellaceae","Enhydrobacter","0.0e+00","BB","Otu0027","D14_BBvsControl"
"Otu00303",135.924987809212,1.83710043361614,0.258457490203572,7.10794038961362,1.17787408700101e-12,1.61761374614805e-11,"Bacteria","Firmicutes","Bacilli","Lactobacillales","Streptococcaceae","Lactococcus","0.0e+00","BB","Otu0030","D14_BBvsControl"
"Otu00312",181.563594373703,-0.766027041437713,0.121759226034904,-6.29132646768072,3.14764558391997e-10,3.08769042994054e-09,"Bacteria","Firmicutes","Clostridia","Clostridiales","Lachnospiraceae","Blautia","0.0e+00","Control","Otu0031","D14_BBvsControl"
"Otu00324",39.2200523773672,8.53584393435361,0.968460473283938,8.81382789470958,1.20943680043818e-18,3.11429976112832e-17,"Bacteria","Proteobacteria","Gammaproteobacteria","Betaproteobacteriales","Burkholderiaceae","Bordetella","0.0e+00","BB","Otu0032","D14_BBvsControl"
"Otu00342",219.988320271107,5.37114014057865,0.192738339933084,27.8675231012337,6.60675188647994e-171,1.36099088861487e-168,"Bacteria","Proteobacteria","Gammaproteobacteria","Pseudomonadales","Moraxellaceae","Acinetobacter","0.0e+00","BB","Otu0034","D14_BBvsControl"
"Otu0040",64.4471509482502,-0.328612671204755,0.121921083571729,-2.69528994967818,0.00703274034562491,0.0226366329874802,"Bacteria","Firmicutes","Clostridia","Clostridiales","Ruminococcaceae","Ruminococcaceae_UCG-002","2.3e-02","Control","Otu0040","D14_BBvsControl"
"Otu00422",86.2253509974732,-0.660557647390273,0.254739593440711,-2.59307019559962,0.00951233532988291,0.0301467858147059,"Bacteria","Actinobacteria","Coriobacteriia","Coriobacteriales","Coriobacteriaceae","Collinsella","3.0e-02","Control","Otu0042","D14_BBvsControl"
"Otu00452",39.203031429917,-1.10497512095143,0.333774515708064,-3.31054370225764,0.000931149107869152,0.00355216141150084,"Bacteria","Bacteroidetes","Bacteroidia","Bacteroidales","Prevotellaceae","uncultured","4.0e-03","Control","Otu0045","D14_BBvsControl"
"Otu00513",77.4483456067095,0.849054555962416,0.19581328417294,4.33604165084397,1.45071466641059e-05,8.30131170223837e-05,"Bacteria","Firmicutes","Clostridia","Clostridiales","Peptostreptococcaceae","Romboutsia","0.0e+00","BB","Otu0051","D14_BBvsControl"
"Otu00523",70.7559927481188,-1.29304278953245,0.183512019194529,-7.0460931943743,1.8401103678712e-12,2.36914209863417e-11,"Bacteria","Firmicutes","Clostridia","Clostridiales","Family_XIII","Mogibacterium","0.0e+00","Control","Otu0052","D14_BBvsControl"
"Otu00531",33.1133271609329,2.88259388804505,0.257747370505134,11.1837955219319,4.89506758204143e-29,2.01676784380107e-27,"Bacteria","Firmicutes","Bacilli","Lactobacillales","Enterococcaceae","Enterococcus","0.0e+00","BB","Otu0053","D14_BBvsControl"
"Otu00671",12.2829955704158,5.41780472065746,0.907371519519136,5.97087808478785,2.3598003861085e-09,2.20963127062887e-08,"Bacteria","Actinobacteria","Actinobacteria","Micrococcales","Dermabacteraceae","Brachybacterium","0.0e+00","BB","Otu0067","D14_BBvsControl"
"Otu00731",34.2649755762481,0.40749543327391,0.165021684741959,2.46934476466595,0.0135360734585663,0.0404120453980384,"Bacteria","Firmicutes","Clostridia","Clostridiales","Ruminococcaceae","Ruminococcus_2","4.0e-02","BB","Otu0073","D14_BBvsControl"
"Otu00763",41.8860963098746,0.95295025941153,0.207744433305614,4.58712777160022,4.49385672983623e-06,2.8052560192311e-05,"Bacteria","Firmicutes","Clostridia","Clostridiales","Lachnospiraceae","Dorea","0.0e+00","BB","Otu0076","D14_BBvsControl"
"Otu00841",21.3046974842869,-0.855838120630023,0.210435743758013,-4.06698075786108,4.76261739343485e-05,0.000245274795761895,"Bacteria","Firmicutes","Clostridia","Clostridiales","Lachnospiraceae","Coprococcus_3","0.0e+00","Control","Otu0084","D14_BBvsControl"
"Otu00892",31.8718233184942,5.10190851402905,0.620549939134243,8.22159215928206,2.00819098003904e-16,4.13687341888041e-15,"Bacteria","Proteobacteria","Gammaproteobacteria","Betaproteobacteriales","Burkholderiaceae","Massilia","0.0e+00","BB","Otu0089","D14_BBvsControl"
"Otu00943",15.8329966949647,3.50151448626564,0.40652255000673,8.61333396193562,7.09659788075737e-18,1.6243324038178e-16,"Bacteria","Firmicutes","Negativicutes","Selenomonadales","Acidaminococcaceae","Succiniclasticum","0.0e+00","BB","Otu0094","D14_BBvsControl"
"Otu00961",27.7867020935267,-0.943289188078963,0.270926375697338,-3.48171781226921,0.000498208412729931,0.00205261866044732,"Bacteria","Bacteroidetes","Bacteroidia","Bacteroidales","Muribaculaceae","Muribaculaceae_ge","2.0e-03","Control","Otu0096","D14_BBvsControl"
"Otu0106",31.4057344196009,0.694763789843306,0.208324624483245,3.33500560275429,0.000852976806637781,0.00331534381447892,"Bacteria","Firmicutes","Clostridia","Clostridiales","Ruminococcaceae","Ruminococcaceae_UCG-014","3.0e-03","BB","Otu0106","D14_BBvsControl"
"Otu01111",16.5429169205446,0.960919933800776,0.32089564748416,2.99449351006921,0.00274900903988789,0.00976372176236042,"Bacteria","Firmicutes","Erysipelotrichia","Erysipelotrichales","Erysipelotrichaceae","Catenibacterium","1.0e-02","BB","Otu0111","D14_BBvsControl"
"Otu01132",23.8049746639821,-1.18340816554906,0.460452170658724,-2.57010009064802,0.0101669135649388,0.0317330938542031,"Bacteria","Firmicutes","Erysipelotrichia","Erysipelotrichales","Erysipelotrichaceae","Catenisphaera","3.2e-02","Control","Otu0113","D14_BBvsControl"
"Otu01162",41.29783425693,2.65728431769479,0.402847790229647,6.59624896087922,4.21690580689883e-11,4.57201366432189e-10,"Bacteria","Proteobacteria","Gammaproteobacteria","Betaproteobacteriales","Burkholderiaceae","Burkholderiaceae_unclassified","0.0e+00","BB","Otu0116","D14_BBvsControl"
"Otu01181",23.2765905518962,-0.746228057560972,0.255684501438658,-2.91855021857867,0.00351663226549349,0.0122784109608756,"Bacteria","Actinobacteria","Coriobacteriia","Coriobacteriales","Atopobiaceae","uncultured","1.2e-02","Control","Otu0118","D14_BBvsControl"
"Otu0123",32.5434667387758,-0.735474914917319,0.185165448779707,-3.97198786147365,7.12753526135874e-05,0.000349588634247595,"Bacteria","Firmicutes","Clostridia","Clostridiales","Family_XIII","Family_XIII_AD3011_group","0.0e+00","Control","Otu0123","D14_BBvsControl"
"Otu01391",8.78943947171708,-1.54261818095959,0.434556075987373,-3.54987138876046,0.000385419394787623,0.00165409156929688,"Bacteria","Actinobacteria","Actinobacteria","Actinomycetales","Actinomycetaceae","Actinomyces","2.0e-03","Control","Otu0139","D14_BBvsControl"
"Otu0152",33.8580034904855,0.600289834491418,0.234498419136037,2.55988861973171,0.0104705714936307,0.0319231624143048,"Bacteria","Firmicutes","Clostridia","Clostridiales","Ruminococcaceae","Ruminococcaceae_unclassified","3.2e-02","BB","Otu0152","D14_BBvsControl"
"Otu01791",16.6127566123568,4.33181619221403,0.582696116085812,7.43409141168207,1.05289142749384e-13,1.66842795433639e-12,"Bacteria","Bacteroidetes","Bacteroidia","Sphingobacteriales","Sphingobacteriaceae","Sphingobacterium","0.0e+00","BB","Otu0179","D14_BBvsControl"
"Otu02002",12.4261074386775,-1.93787492495139,0.442679930736148,-4.37759832872666,1.19994230697947e-05,7.06251757822201e-05,"Bacteria","Actinobacteria","Coriobacteriia","Coriobacteriales","Eggerthellaceae","Enterorhabdus","0.0e+00","Control","Otu0200","D14_BBvsControl"
"Otu02012",21.546928954891,1.24511672120106,0.334169044614745,3.72600856143489,0.000194535799163369,0.000893450721570104,"Bacteria","Firmicutes","Clostridia","Clostridiales","Ruminococcaceae","Ruminococcus_1","1.0e-03","BB","Otu0201","D14_BBvsControl"
"Otu02031",13.7928100412082,-1.71938435045727,0.29645827897127,-5.79975150777926,6.64132601251163e-09,5.94831808077129e-08,"Bacteria","Actinobacteria","Coriobacteriia","Coriobacteriales","Atopobiaceae","Atopobiaceae_ge","0.0e+00","Control","Otu0203","D14_BBvsControl"
"Otu0224",5.2282483588276,5.60380183192654,0.98581083519632,5.68445956552157,1.3122696446663e-08,1.12636477833857e-07,"Bacteria","Actinobacteria","Actinobacteria","Micrococcales","Micrococcaceae","Micrococcaceae_unclassified","0.0e+00","BB","Otu0224","D14_BBvsControl"
"Otu0276",1.6525061345285,4.28779091285166,1.15102734048466,3.72518598128711,0.000195171274129392,0.000893450721570104,"Bacteria","Bacteroidetes","Bacteroidia","Cytophagales","Spirosomaceae","Dyadobacter","1.0e-03","BB","Otu0276","D14_BBvsControl"
"Otu0278",2.20015800456728,4.62845276437126,0.917527043775456,5.04448647674299,4.54740991746598e-07,3.46950534443701e-06,"Bacteria","Proteobacteria","Gammaproteobacteria","Pasteurellales","Pasteurellaceae","Pasteurella","0.0e+00","BB","Otu0278","D14_BBvsControl"
"Otu0334",2.2021799289498,3.74449219288588,0.903259408201414,4.14553356310119,3.39023334625509e-05,0.000183786334033829,"Bacteria","Proteobacteria","Alphaproteobacteria","Rhizobiales","Rhizobiaceae","Rhizobiaceae_unclassified","0.0e+00","BB","Otu0334","D14_BBvsControl"
"Otu0348",1.54173549734322,2.94285193428885,0.895165441957393,3.28749502198602,0.00101082976179985,0.00378601692601399,"Bacteria","Firmicutes","Clostridia","Clostridiales","Ruminococcaceae","Ruminococcaceae_UCG-009","4.0e-03","BB","Otu0348","D14_BBvsControl"
"Otu0375",0.99704013588839,-3.00680617438905,1.10129837281409,-2.73023755288581,0.0063288702648018,0.0206944011833202,"Bacteria","Firmicutes","Clostridia","Clostridiales","Family_XI","Finegoldia","2.1e-02","Control","Otu0375","D14_BBvsControl"
"Otu03871",4.07576774023937,3.15426686417156,0.870740496839149,3.62251081191444,0.00029175726220042,0.00127876587262312,"Bacteria","Proteobacteria","Gammaproteobacteria","Xanthomonadales","Xanthomonadaceae","Stenotrophomonas","1.0e-03","BB","Otu0387","D14_BBvsControl"
"Otu0408",3.65646132214146,5.12192464079935,1.06595837057926,4.80499499996044,1.54755372478759e-06,1.09929678381463e-05,"Bacteria","Proteobacteria","Alphaproteobacteria","Rhizobiales","Rhizobiaceae","Pseudochrobactrum","0.0e+00","BB","Otu0408","D14_BBvsControl"
"Otu04291",2.46274354343029,-2.36794874909561,0.739766811376665,-3.20093942128735,0.00136980327609215,0.00495051710306989,"Bacteria","Firmicutes","Clostridia","Clostridiales","Lachnospiraceae","Anaerostipes","5.0e-03","Control","Otu0429","D14_BBvsControl"
"Otu0432",1.14532032149563,3.77669108262497,1.301273593864,2.90230363578691,0.00370429309457328,0.0125095799587229,"Bacteria","Proteobacteria","Alphaproteobacteria","Rhizobiales","Devosiaceae","Devosia","1.3e-02","BB","Otu0432","D14_BBvsControl"
"Otu0467",3.0428681517761,5.13543388623912,1.02397796740588,5.01518006217367,5.29838219953454e-07,3.89809547537184e-06,"Bacteria","Firmicutes","Bacilli","Bacillales","Paenibacillaceae","Saccharibacillus","0.0e+00","BB","Otu0467","D14_BBvsControl"
"Otu04831",1.69906604826738,4.23663698667135,0.930805466015423,4.55158155098452,5.32441519298189e-06,3.22596920515962e-05,"Bacteria","Firmicutes","Clostridia","Clostridiales","Lachnospiraceae","Coprococcus_2","0.0e+00","BB","Otu0483","D14_BBvsControl"
"Otu0494",2.49820841041905,4.57057176241153,0.846536635695987,5.39914230487354,6.69602459422579e-08,5.30531179388659e-07,"Bacteria","Proteobacteria","Gammaproteobacteria","Pseudomonadales","Moraxellaceae","Psychrobacter","0.0e+00","BB","Otu0494","D14_BBvsControl"
"Otu0498",2.54542797593052,3.45517992544997,0.820368063612156,4.21174358035891,2.53407104620679e-05,0.000141086117707729,"Bacteria","Firmicutes","Clostridia","Clostridiales","Clostridiaceae_1","Clostridiaceae_1_unclassified","0.0e+00","BB","Otu0498","D14_BBvsControl"
"Otu0609",1.8906510912609,4.5005251094402,1.33501323161654,3.37114644473643,0.000748560541143362,0.0030235974799124,"Bacteria","Bacteroidetes","Bacteroidia","Flavobacteriales","Flavobacteriaceae","Flavobacterium","3.0e-03","BB","Otu0609","D14_BBvsControl"
"Otu0686",1.3820776325519,4.03415558808105,1.0553872020104,3.82244126174396,0.000132136960570253,0.000633028229708653,"Bacteria","Actinobacteria","Actinobacteria","Micrococcales","Microbacteriaceae","Leucobacter","1.0e-03","BB","Otu0686","D14_BBvsControl"
"Otu00091",687.467735866427,-1.2335083433315,0.24402287554295,-5.05488815582124,4.30643062940919e-07,3.34119617798989e-06,"Bacteria","Bacteroidetes","Bacteroidia","Bacteroidales","Prevotellaceae","Prevotella_9","0.0e+00","Control","Otu0009","D21_BBvsControl"
"Otu00143",447.203203234185,0.590297067007295,0.134180621346999,4.39927212351141,1.08614560955069e-05,6.7884100596918e-05,"Bacteria","Firmicutes","Clostridia","Clostridiales","Clostridiaceae_1","Clostridium_sensu_stricto_1","0.0e+00","BB","Otu0014","D21_BBvsControl"
"Otu00203",141.384930824183,-0.488224709546198,0.150008619561414,-3.25464437292763,0.00113534436971508,0.00456165148546236,"Bacteria","Firmicutes","Negativicutes","Selenomonadales","Veillonellaceae","Megasphaera","5.0e-03","Control","Otu0020","D21_BBvsControl"
"Otu0025",20.1189124639635,1.97488593662849,0.460311233123613,4.29032748826737,1.78409830161515e-05,0.000102928748170105,"Bacteria","Firmicutes","Bacilli","Bacillales","Staphylococcaceae","Staphylococcus","0.0e+00","BB","Otu0025","D21_BBvsControl"
"Otu00313",135.598435136496,-0.921170654096117,0.157912461047004,-5.83342598797141,5.43006994272711e-09,5.81793208149333e-08,"Bacteria","Firmicutes","Clostridia","Clostridiales","Lachnospiraceae","Blautia","0.0e+00","Control","Otu0031","D21_BBvsControl"
"Otu00325",14.7840286987535,7.11442585861817,1.11724223146687,6.36784544858941,1.91701935192479e-10,2.39627418990598e-09,"Bacteria","Proteobacteria","Gammaproteobacteria","Betaproteobacteriales","Burkholderiaceae","Bordetella","0.0e+00","BB","Otu0032","D21_BBvsControl"
"Otu00343",53.0310150004445,1.16152156373419,0.354113843003603,3.28007951872804,0.00103777831919552,0.00432407632998134,"Bacteria","Proteobacteria","Gammaproteobacteria","Pseudomonadales","Moraxellaceae","Acinetobacter","4.0e-03","BB","Otu0034","D21_BBvsControl"
"Otu00392",41.7538932221628,-2.17137839892692,0.236468644399155,-9.18252144779782,4.2111319190288e-20,4.7375234089074e-18,"Bacteria","Firmicutes","Clostridia","Clostridiales","Ruminococcaceae","Faecalibacterium","0.0e+00","Control","Otu0039","D21_BBvsControl"
"Otu00401",49.7424286526429,0.558072234932718,0.184094612207383,3.03144251882857,0.00243388256830826,0.00895245720828176,"Bacteria","Firmicutes","Clostridia","Clostridiales","Ruminococcaceae","Ruminococcaceae_UCG-002","9.0e-03","BB","Otu0040","D21_BBvsControl"
"Otu00453",65.8993581462474,-2.11996247326054,0.314275189574755,-6.7455610356295,1.52436836983006e-11,2.28655255474509e-10,"Bacteria","Bacteroidetes","Bacteroidia","Bacteroidales","Prevotellaceae","uncultured","0.0e+00","Control","Otu0045","D21_BBvsControl"
"Otu00514",57.5843801726724,1.20942296932719,0.177551062667532,6.81169096459795,9.64581438129335e-12,1.55022016842215e-10,"Bacteria","Firmicutes","Clostridia","Clostridiales","Peptostreptococcaceae","Romboutsia","0.0e+00","BB","Otu0051","D21_BBvsControl"
"Otu00532",29.051094314764,2.17121524385038,0.265899446766317,8.16555006133024,3.19973806777261e-16,1.19990177541473e-14,"Bacteria","Firmicutes","Bacilli","Lactobacillales","Enterococcaceae","Enterococcus","0.0e+00","BB","Otu0053","D21_BBvsControl"
"Otu0055",33.4367989410817,0.826150814361939,0.288225385639065,2.8663360533985,0.00415253181980487,0.0137855478857236,"Bacteria","Bacteroidetes","Bacteroidia","Bacteroidales","Prevotellaceae","Prevotellaceae_UCG-003","1.4e-02","BB","Otu0055","D21_BBvsControl"
"Otu00602",51.7442125124908,1.69070177316465,0.304936668287778,5.54443577631369,2.94903548996886e-08,2.65413194097198e-07,"Bacteria","Spirochaetes","Spirochaetia","Spirochaetales","Spirochaetaceae","Treponema_2","0.0e+00","BB","Otu0060","D21_BBvsControl"
"Otu00652",40.8932543078061,-1.14698363888119,0.185127046657084,-6.1956567643289,5.804248976188e-10,6.87345273495948e-09,"Bacteria","Firmicutes","Clostridia","Clostridiales","Ruminococcaceae","Subdoligranulum","0.0e+00","Control","Otu0065","D21_BBvsControl"
"Otu00702",24.5708932704501,-0.67500354103113,0.273749738246728,-2.46576871764076,0.0136719581283808,0.0375145192547034,"Bacteria","Bacteroidetes","Bacteroidia","Bacteroidales","Prevotellaceae","Prevotella_2","3.8e-02","Control","Otu0070","D21_BBvsControl"
"Otu00743",117.083450820082,0.719833674568102,0.300223180467109,2.39766187756765,0.0165000884353227,0.0436767046817367,"Bacteria","Bacteroidetes","Bacteroidia","Bacteroidales","Prevotellaceae","Prevotellaceae_unclassified","4.4e-02","BB","Otu0074","D21_BBvsControl"
"Otu00764",34.1313162582129,0.617511330024199,0.247719256817451,2.49278694744049,0.0126744872123884,0.0360982230732582,"Bacteria","Firmicutes","Clostridia","Clostridiales","Lachnospiraceae","Dorea","3.6e-02","BB","Otu0076","D21_BBvsControl"
"Otu0087",108.87830696477,0.409714764555664,0.144970663056472,2.82619087143212,0.00471051860549474,0.0151409526605188,"Bacteria","Firmicutes","Clostridia","Clostridiales","Lachnospiraceae","Lachnospiraceae_unclassified","1.5e-02","BB","Otu0087","D21_BBvsControl"
"Otu00944",51.8786834706319,-2.17822855117792,0.261633953646081,-8.3254811572525,8.39868946409035e-17,4.72426282355082e-15,"Bacteria","Firmicutes","Negativicutes","Selenomonadales","Acidaminococcaceae","Succiniclasticum","0.0e+00","Control","Otu0094","D21_BBvsControl"
"Otu01061",54.5556832259615,0.87266867204539,0.200102641698123,4.3611052040078,1.29407122714359e-05,7.86935205695426e-05,"Bacteria","Firmicutes","Clostridia","Clostridiales","Ruminococcaceae","Ruminococcaceae_UCG-014","0.0e+00","BB","Otu0106","D21_BBvsControl"
"Otu01112",18.0211439968084,1.92133656108444,0.483824006732395,3.97114763705213,7.15272339758666e-05,0.000357636169879333,"Bacteria","Firmicutes","Erysipelotrichia","Erysipelotrichales","Erysipelotrichaceae","Catenibacterium","0.0e+00","BB","Otu0111","D21_BBvsControl"
"Otu01133",3.26772422639929,-1.36809360166765,0.522565073874499,-2.61803490142209,0.0088437759201201,0.027258213452425,"Bacteria","Firmicutes","Erysipelotrichia","Erysipelotrichales","Erysipelotrichaceae","Catenisphaera","2.7e-02","Control","Otu0113","D21_BBvsControl"
"Otu01212",12.033800489339,-0.82390693635691,0.323070103896978,-2.55024196426309,0.0107648178344392,0.0318695264835371,"Bacteria","Firmicutes","Clostridia","Clostridiales","Lachnospiraceae","Coprococcus_1","3.2e-02","Control","Otu0121","D21_BBvsControl"
"Otu01231",32.0012991829944,0.608467194793493,0.1672410712811,3.6382641544479,0.000274481823026995,0.00128663354543904,"Bacteria","Firmicutes","Clostridia","Clostridiales","Family_XIII","Family_XIII_AD3011_group","1.0e-03","BB","Otu0123","D21_BBvsControl"
"Otu0138",29.26511073195,-1.20262770993096,0.214115553413237,-5.61672279645152,1.94613263014417e-08,1.82449934076015e-07,"Bacteria","Firmicutes","Clostridia","Clostridiales","Lachnospiraceae","Lachnospiraceae_NK4A136_group","0.0e+00","Control","Otu0138","D21_BBvsControl"
"Otu01551",5.89132184288639,2.17338244869057,0.615158878024628,3.5330424811061,0.00041080645519664,0.00181238141998518,"Bacteria","Epsilonbacteraeota","Campylobacteria","Campylobacterales","Campylobacteraceae","Campylobacter","2.0e-03","BB","Otu0155","D21_BBvsControl"
"Otu01563",13.0041051828092,-1.02388771852201,0.320782765612393,-3.19184142130376,0.00141368923643067,0.00548413927925689,"Bacteria","Bacteria_unclassified","Bacteria_unclassified","Bacteria_unclassified","Bacteria_unclassified","Bacteria_unclassified","5.0e-03","Control","Otu0156","D21_BBvsControl"
"Otu01573",6.89191727288957,1.5792528366413,0.399080758971161,3.95722620331947,7.5825120632053e-05,0.000370883742221998,"Bacteria","Firmicutes","Erysipelotrichia","Erysipelotrichales","Erysipelotrichaceae","Erysipelotrichaceae_unclassified","0.0e+00","BB","Otu0157","D21_BBvsControl"
"Otu0158",5.32169405049917,2.20447828977654,0.609638971187888,3.61603899022578,0.000299145337577326,0.00137362655009997,"Bacteria","Bacteroidetes","Bacteroidia","Bacteroidales","Bacteroidaceae","Bacteroides","1.0e-03","BB","Otu0158","D21_BBvsControl"
"Otu0191",12.9410433490498,2.17766417713226,0.764786741787941,2.84741360976166,0.00440760553400503,0.0143726267413208,"Bacteria","Deinococcus-Thermus","Deinococci","Deinococcales","Deinococcaceae","Deinococcus","1.4e-02","BB","Otu0191","D21_BBvsControl"
"Otu02003",13.7857771360503,-2.4330540157194,0.462545574783658,-5.26013899680565,1.43946547937188e-07,1.19955456614323e-06,"Bacteria","Actinobacteria","Coriobacteriia","Coriobacteriales","Eggerthellaceae","Enterorhabdus","0.0e+00","Control","Otu0200","D21_BBvsControl"
"Otu0208",10.7872266341834,-2.34954666486797,0.335322393322826,-7.00682898504181,2.43779931806282e-12,4.21926805049334e-11,"Bacteria","Firmicutes","Clostridia","Clostridiales","Lachnospiraceae","Syntrophococcus","0.0e+00","Control","Otu0208","D21_BBvsControl"
"Otu0221",8.35336316281218,6.30220626232564,0.763799907531842,8.25112205458457,1.56914186896293e-16,7.06113841033317e-15,"Bacteria","Bacteroidetes","Bacteroidia","Bacteroidales","Bacteroidales_RF16_group","Bacteroidales_RF16_group_ge","0.0e+00","BB","Otu0221","D21_BBvsControl"
"Otu02241",11.1842882576526,6.13827353422393,0.820525442618821,7.48090578962765,7.38120804853901e-14,2.0759647636516e-12,"Bacteria","Actinobacteria","Actinobacteria","Micrococcales","Micrococcaceae","Micrococcaceae_unclassified","0.0e+00","BB","Otu0224","D21_BBvsControl"
"Otu0228",1.2388275100366,-3.08304445739908,1.18134455153473,-2.60977582991668,0.00906015720202343,0.0275477752764226,"Bacteria","Firmicutes","Bacilli","Bacillales","Family_XI","Gemella","2.8e-02","Control","Otu0228","D21_BBvsControl"
"Otu0250",3.96337390863124,1.84665943839592,0.711767446351601,2.59447021335632,0.00947368221448435,0.0284210466434531,"Bacteria","Bacteroidetes","Bacteroidia","Bacteroidales","Prevotellaceae","Prevotellaceae_UCG-004","2.8e-02","BB","Otu0250","D21_BBvsControl"
"Otu0263",17.3392673815149,-3.50542571644568,0.785195814150802,-4.46439684632913,8.029462082166e-06,5.31361461319809e-05,"Bacteria","Proteobacteria","Alphaproteobacteria","Sphingomonadales","Sphingomonadaceae","Sphingomonas","0.0e+00","Control","Otu0263","D21_BBvsControl"
"Otu0274",4.03897679863368,1.54397694639401,0.52336930518953,2.95007164364536,0.0031770024975087,0.0109973163375301,"Bacteria","Firmicutes","Clostridia","Clostridiales","Ruminococcaceae","uncultured","1.1e-02","BB","Otu0274","D21_BBvsControl"
"Otu0280",2.94290972810852,4.81161423214048,0.820071965966232,5.86730729963595,4.4292931130174e-09,4.98295475214458e-08,"Bacteria","Firmicutes","Bacilli","Lactobacillales","Aerococcaceae","Facklamia","0.0e+00","BB","Otu0280","D21_BBvsControl"
"Otu0296",2.25821730498087,4.4133597010327,0.984731294652671,4.4817908448714,7.40192687440973e-06,5.04676832346118e-05,"Bacteria","Firmicutes","Bacilli","Lactobacillales","Carnobacteriaceae","uncultured","0.0e+00","BB","Otu0296","D21_BBvsControl"
"Otu0298",1.27391750478162,-2.2908610864613,0.924994315918029,-2.47662179868391,0.0132632362198685,0.0368788542409907,"Bacteria","Proteobacteria","Gammaproteobacteria","Gammaproteobacteria_unclassified","Gammaproteobacteria_unclassified","Gammaproteobacteria_unclassified","3.7e-02","Control","Otu0298","D21_BBvsControl"
"Otu0325",13.3185875444775,0.927923204832875,0.370472357728108,2.50470294335396,0.012255427471208,0.0358113140392441,"Bacteria","Tenericutes","Mollicutes","Mollicutes_RF39","Mollicutes_RF39_fa","Mollicutes_RF39_ge","3.6e-02","BB","Otu0325","D21_BBvsControl"
"Otu0327",11.3503570957308,2.30728255239287,0.522552548215212,4.41540771406327,1.00819785242016e-05,6.48127190841532e-05,"Bacteria","Firmicutes","Clostridia","Clostridiales","Clostridiales_vadinBB60_group","Clostridiales_vadinBB60_group_ge","0.0e+00","BB","Otu0327","D21_BBvsControl"
"Otu03481",2.40313184532302,2.86354665972859,0.833482126914407,3.43564254980439,0.000591150373732222,0.00255786219403365,"Bacteria","Firmicutes","Clostridia","Clostridiales","Ruminococcaceae","Ruminococcaceae_UCG-009","3.0e-03","BB","Otu0348","D21_BBvsControl"
"Otu0362",8.81986555207303,1.70480400864949,0.688456985405687,2.47626800916966,0.0132763875267566,0.0368788542409907,"Bacteria","Cyanobacteria","Melainabacteria","Gastranaerophilales","Gastranaerophilales_fa","Gastranaerophilales_ge","3.7e-02","BB","Otu0362","D21_BBvsControl"
"Otu0363",2.2441337849029,4.41046645477812,0.930605924083149,4.73934921392575,2.14405716124017e-06,1.55617052025496e-05,"Bacteria","Firmicutes","Bacilli","Lactobacillales","Aerococcaceae","Aerosphaera","0.0e+00","BB","Otu0363","D21_BBvsControl"
"Otu0374",2.70266069387559,-2.48584262635342,0.995131166892533,-2.49800499577949,0.0124894433706515,0.0360272404922641,"Bacteria","Firmicutes","Clostridia","Clostridiales","Family_XIII","Family_XIII_unclassified","3.6e-02","Control","Otu0374","D21_BBvsControl"
"Otu03872",3.31439149735193,3.17725736356471,0.881508162427323,3.60434253361399,0.000312944112200562,0.00140824850490253,"Bacteria","Proteobacteria","Gammaproteobacteria","Xanthomonadales","Xanthomonadaceae","Stenotrophomonas","1.0e-03","BB","Otu0387","D21_BBvsControl"
"Otu04081",3.94625498321625,5.2300132768887,0.924141924168838,5.65931827147926,1.51975481774652e-08,1.48671666953463e-07,"Bacteria","Proteobacteria","Alphaproteobacteria","Rhizobiales","Rhizobiaceae","Pseudochrobactrum","0.0e+00","BB","Otu0408","D21_BBvsControl"
"Otu0415",1.2632847002361,3.58599075376598,1.17133035053096,3.06146831433204,0.00220254302413583,0.00825953634050938,"Bacteria","Actinobacteria","Actinobacteria","Micrococcales","Beutenbergiaceae","Beutenbergiaceae_unclassified","8.0e-03","BB","Otu0415","D21_BBvsControl"
"Otu0427",1.3095179972253,2.15820825930145,0.878953546454232,2.45542926359172,0.0140716443575808,0.0381460238609118,"Bacteria","Firmicutes","Clostridia","Clostridiales","Ruminococcaceae","Ruminococcaceae_UCG-004","3.8e-02","BB","Otu0427","D21_BBvsControl"
"Otu04292",3.07579865694496,-2.47714046569763,0.617777312194042,-4.00976276856144,6.07797815307576e-05,0.000310805701009556,"Bacteria","Firmicutes","Clostridia","Clostridiales","Lachnospiraceae","Anaerostipes","0.0e+00","Control","Otu0429","D21_BBvsControl"
"Otu04671",3.2116269589021,4.93302750040844,0.942077762290692,5.23632729469554,1.63803372909226e-07,1.31627710373485e-06,"Bacteria","Firmicutes","Bacilli","Bacillales","Paenibacillaceae","Saccharibacillus","0.0e+00","BB","Otu0467","D21_BBvsControl"
"Otu04941",1.7088671879124,3.68785832138264,0.918451474692717,4.01530012526407,5.93701953540171e-05,0.000310657998945439,"Bacteria","Proteobacteria","Gammaproteobacteria","Pseudomonadales","Moraxellaceae","Psychrobacter","0.0e+00","BB","Otu0494","D21_BBvsControl"
"Otu0496",3.50449265200464,5.04091310878154,0.869643601327304,5.79652756725603,6.77020603824628e-09,6.92407435729733e-08,"Bacteria","Tenericutes","Mollicutes","Anaeroplasmatales","Anaeroplasmataceae","Anaeroplasma","0.0e+00","BB","Otu0496","D21_BBvsControl"
"Otu05591",1.20752644101697,2.85016855219675,1.08541283996801,2.6258843153917,0.00864241844950992,0.0270075576547185,"Bacteria","Firmicutes","Bacilli","Lactobacillales","Aerococcaceae","Ignavigranum","2.7e-02","BB","Otu0559","D21_BBvsControl"
"Otu0623",1.12472945445862,3.39740833276376,1.13971094045804,2.98093859781532,0.00287366405057689,0.0101027251778094,"Bacteria","Spirochaetes","Spirochaetia","Spirochaetales","Spirochaetaceae","Sphaerochaeta","1.0e-02","BB","Otu0623","D21_BBvsControl"
"Otu06861",1.21757689178758,3.54654733815172,0.849378909424268,4.17545961973045,2.97385004622819e-05,0.00016008945697159,"Bacteria","Actinobacteria","Actinobacteria","Micrococcales","Microbacteriaceae","Leucobacter","0.0e+00","BB","Otu0686","D21_BBvsControl"
"Otu0777",1.03616096576523,2.98303779044998,0.994182864251665,3.00049206007524,0.00269543780968538,0.00962656360601923,"Bacteria","Proteobacteria","Gammaproteobacteria","Betaproteobacteriales","Burkholderiaceae","Parasutterella","1.0e-02","BB","Otu0777","D21_BBvsControl"
"Otu0002",265.706803951049,3.40534165648197,0.665889859036711,5.11397134266048,3.15455235622026e-07,2.50832381380523e-06,"Bacteria","Proteobacteria","Gammaproteobacteria","Pasteurellales","Pasteurellaceae","Actinobacillus","0.0e+00","BB","Otu0002","D36_BBvsControl"
"Otu00092",789.761671277782,1.77256465285602,0.289881606431995,6.11478829123935,9.66852333921667e-10,1.09834425133501e-08,"Bacteria","Bacteroidetes","Bacteroidia","Bacteroidales","Prevotellaceae","Prevotella_9","0.0e+00","BB","Otu0009","D36_BBvsControl"
"Otu00181",856.325884358648,-0.749810612889652,0.175271699580613,-4.27799019855335,1.88588322889889e-05,0.000105017811177899,"Bacteria","Bacteroidetes","Bacteroidia","Bacteroidales","Prevotellaceae","Prevotellaceae_NK3B31_group","0.0e+00","Control","Otu0018","D36_BBvsControl"
"Otu00204",565.892146585885,2.44265465842179,0.263448667549311,9.27184290262007,1.82956989071092e-20,7.42282641374144e-19,"Bacteria","Firmicutes","Negativicutes","Selenomonadales","Veillonellaceae","Megasphaera","0.0e+00","BB","Otu0020","D36_BBvsControl"
"Otu00225",97.4055022107554,0.457145307330653,0.184173830984023,2.48214040446556,0.0130595806085926,0.0421468283277306,"Bacteria","Firmicutes","Clostridia","Clostridiales","Peptostreptococcaceae","Terrisporobacter","4.2e-02","BB","Otu0022","D36_BBvsControl"
"Otu00251",144.257510931335,0.977216106770911,0.272505233567237,3.58604528059383,0.000335730688364257,0.00148980492961639,"Bacteria","Firmicutes","Bacilli","Bacillales","Staphylococcaceae","Staphylococcus","1.0e-03","BB","Otu0025","D36_BBvsControl"
"Otu00272",171.162818893077,3.0968637481211,0.68878487028576,4.49612626775075,6.92026502119032e-06,4.36745614670678e-05,"Bacteria","Proteobacteria","Gammaproteobacteria","Pseudomonadales","Moraxellaceae","Enhydrobacter","0.0e+00","BB","Otu0027","D36_BBvsControl"
"Otu00304",69.2968324647575,1.4040395366081,0.316139635123309,4.44120059814855,8.94583516418351e-06,5.29295247214191e-05,"Bacteria","Firmicutes","Bacilli","Lactobacillales","Streptococcaceae","Lactococcus","0.0e+00","BB","Otu0030","D36_BBvsControl"
"Otu00326",10.2306729404557,6.76412494741874,1.09081324281617,6.20099269234733,5.61081193935493e-10,7.35491114466423e-09,"Bacteria","Proteobacteria","Gammaproteobacteria","Betaproteobacteriales","Burkholderiaceae","Bordetella","0.0e+00","BB","Otu0032","D36_BBvsControl"
"Otu00373",35.6006642805032,1.47092863029381,0.602247889533322,2.44239731820999,0.0145900794385576,0.0465571074219141,"Bacteria","Proteobacteria","Gammaproteobacteria","Enterobacteriales","Enterobacteriaceae","Escherichia-Shigella","4.7e-02","BB","Otu0037","D36_BBvsControl"
"Otu00402",45.0604288918745,-1.08852088286632,0.247958156676814,-4.38993779214565,1.13383091903991e-05,6.57159144912925e-05,"Bacteria","Firmicutes","Clostridia","Clostridiales","Ruminococcaceae","Ruminococcaceae_UCG-002","0.0e+00","Control","Otu0040","D36_BBvsControl"
"Otu00423",27.2019033035382,1.44365434986758,0.249919943884632,5.77646716555764,7.6285380655916e-09,7.22168270209338e-08,"Bacteria","Actinobacteria","Coriobacteriia","Coriobacteriales","Coriobacteriaceae","Collinsella","0.0e+00","BB","Otu0042","D36_BBvsControl"
"Otu00454",99.3204553597182,3.80522749216214,0.341467096012978,11.1437603698645,7.68063657398449e-29,7.27100262337198e-27,"Bacteria","Bacteroidetes","Bacteroidia","Bacteroidales","Prevotellaceae","uncultured","0.0e+00","BB","Otu0045","D36_BBvsControl"
"Otu00603",117.783567170531,-1.70017660946259,0.225039651855796,-7.5550090637007,4.18830687030574e-14,1.18947915116683e-12,"Bacteria","Spirochaetes","Spirochaetia","Spirochaetales","Spirochaetaceae","Treponema_2","0.0e+00","Control","Otu0060","D36_BBvsControl"
"Otu00632",107.033333014997,1.37416601135225,0.303381397931086,4.52949989921399,5.91234625177433e-06,3.81615076250889e-05,"Bacteria","Firmicutes","Negativicutes","Selenomonadales","Veillonellaceae","Anaerovibrio","0.0e+00","BB","Otu0063","D36_BBvsControl"
"Otu00653",28.9747698009694,0.877172002665646,0.215775924454128,4.06519867721445,4.79915620245248e-05,0.000252400066943797,"Bacteria","Firmicutes","Clostridia","Clostridiales","Ruminococcaceae","Subdoligranulum","0.0e+00","BB","Otu0065","D36_BBvsControl"
"Otu00703",19.1876721399145,2.95971040180136,0.441340134751886,6.70618910166703,1.99772808472801e-11,3.15197097812641e-10,"Bacteria","Bacteroidetes","Bacteroidia","Bacteroidales","Prevotellaceae","Prevotella_2","0.0e+00","BB","Otu0070","D36_BBvsControl"
"Otu00711",22.7475741635249,3.69337447539376,0.366983000927621,10.064156830311,7.95661707680064e-24,4.51935849962277e-22,"Bacteria","Firmicutes","Negativicutes","Selenomonadales","Veillonellaceae","Veillonella","0.0e+00","BB","Otu0071","D36_BBvsControl"
"Otu00842",37.3385873452297,2.27984635036301,0.326838428898874,6.97545376791787,3.04885131968849e-12,5.41171109244707e-11,"Bacteria","Firmicutes","Clostridia","Clostridiales","Lachnospiraceae","Coprococcus_3","0.0e+00","BB","Otu0084","D36_BBvsControl"
"Otu00893",62.6762445268011,3.67695234604058,0.822003210722624,4.47316056443157,7.70718598993434e-06,4.65710813008798e-05,"Bacteria","Proteobacteria","Gammaproteobacteria","Betaproteobacteriales","Burkholderiaceae","Massilia","0.0e+00","BB","Otu0089","D36_BBvsControl"
"Otu00945",20.6538020910462,1.13379458616826,0.380592246207352,2.9790270229272,0.00289165275092177,0.0102653672657723,"Bacteria","Firmicutes","Negativicutes","Selenomonadales","Acidaminococcaceae","Succiniclasticum","1.0e-02","BB","Otu0094","D36_BBvsControl"
"Otu00962",62.016771479409,-0.93095952742122,0.226845007871401,-4.10394540376654,4.06163352895529e-05,0.000221827677350635,"Bacteria","Bacteroidetes","Bacteroidia","Bacteroidales","Muribaculaceae","Muribaculaceae_ge","0.0e+00","Control","Otu0096","D36_BBvsControl"
"Otu01021",26.2681350786105,-1.04945087640526,0.321227261038804,-3.26700440370932,0.001086919896064,0.00440978929260253,"Bacteria","Bacteroidetes","Bacteroidia","Bacteroidales","Tannerellaceae","Parabacteroides","4.0e-03","Control","Otu0102","D36_BBvsControl"
"Otu01113",4.02696657651158,3.15297006346037,0.867565099675402,3.63427489722679,0.000278763518424596,0.00125664824178707,"Bacteria","Firmicutes","Erysipelotrichia","Erysipelotrichales","Erysipelotrichaceae","Catenibacterium","1.0e-03","BB","Otu0111","D36_BBvsControl"
"Otu01213",15.6281321665842,2.82294276765812,0.411052985888886,6.86758852159563,6.52962355246194e-12,1.09083122876423e-10,"Bacteria","Firmicutes","Clostridia","Clostridiales","Lachnospiraceae","Coprococcus_1","0.0e+00","BB","Otu0121","D36_BBvsControl"
"Otu01501",3.60090114328316,4.41251528143917,0.767691070546487,5.74777465927549,9.04256385282183e-09,8.28415527161742e-08,"Bacteria","Firmicutes","Clostridia","Clostridiales","Family_XIII","Family_XIII_ge","0.0e+00","BB","Otu0150","D36_BBvsControl"
"Otu01552",18.2931701114255,2.95705909638941,0.453620594322402,6.51879375275395,7.08750264493157e-11,1.00642537558028e-09,"Bacteria","Epsilonbacteraeota","Campylobacteria","Campylobacterales","Campylobacteraceae","Campylobacter","0.0e+00","BB","Otu0155","D36_BBvsControl"
"Otu01564",23.9737803182333,-3.54822988429272,0.328512464048608,-10.8008988169402,3.40850434152581e-27,2.42003808248332e-25,"Bacteria","Bacteria_unclassified","Bacteria_unclassified","Bacteria_unclassified","Bacteria_unclassified","Bacteria_unclassified","0.0e+00","Control","Otu0156","D36_BBvsControl"
"Otu0163",14.5426598627246,1.03089204846463,0.334309302445868,3.08364751121921,0.00204479710564107,0.00754184906496189,"Bacteria","Firmicutes","Clostridia","Clostridiales","Ruminococcaceae","Ruminococcaceae_UCG-008","8.0e-03","BB","Otu0163","D36_BBvsControl"
"Otu01911",96.8175000242325,3.00884897277668,0.823543481294796,3.65353990544141,0.000258649568198029,0.00118478189303614,"Bacteria","Deinococcus-Thermus","Deinococci","Deinococcales","Deinococcaceae","Deinococcus","1.0e-03","BB","Otu0191","D36_BBvsControl"
"Otu02004",7.16171069459495,-1.12629504232571,0.356059195999207,-3.16322413514696,0.00156032151811751,0.00598826096142397,"Bacteria","Actinobacteria","Coriobacteriia","Coriobacteriales","Eggerthellaceae","Enterorhabdus","6.0e-03","Control","Otu0200","D36_BBvsControl"
"Otu02161",26.3818557752854,4.63250604976319,0.906117184912321,5.11248007089883,3.17956539778127e-07,2.50832381380523e-06,"Bacteria","Proteobacteria","Alphaproteobacteria","Caulobacterales","Caulobacteraceae","Brevundimonas","0.0e+00","BB","Otu0216","D36_BBvsControl"
"Otu02211",9.77505323890276,-2.54907600050727,0.625078597228179,-4.07800876851451,4.54230538807762e-05,0.000243399005700763,"Bacteria","Bacteroidetes","Bacteroidia","Bacteroidales","Bacteroidales_RF16_group","Bacteroidales_RF16_group_ge","0.0e+00","Control","Otu0221","D36_BBvsControl"
"Otu02242",22.6920547753078,6.60731549818031,0.738614123542476,8.9455580222199,3.70075188515383e-19,1.31376691922961e-17,"Bacteria","Actinobacteria","Actinobacteria","Micrococcales","Micrococcaceae","Micrococcaceae_unclassified","0.0e+00","BB","Otu0224","D36_BBvsControl"
"Otu0231",7.19469038910126,1.47579392043185,0.455547535393047,3.23960466421694,0.00119695528200529,0.00465664794643154,"Bacteria","Planctomycetes","Planctomycetacia","Pirellulales","Pirellulaceae","p-1088-a5_gut_group","5.0e-03","BB","Otu0231","D36_BBvsControl"
"Otu0241",19.7120946957779,-0.864971696794149,0.34200071159312,-2.52915174581043,0.011433858085164,0.037324318346972,"Bacteria","Firmicutes","Clostridia","Clostridiales","Ruminococcaceae","Ruminococcaceae_UCG-010","3.7e-02","Control","Otu0241","D36_BBvsControl"
"Otu0253",6.28493546495205,5.23630250115901,0.696238585688361,7.52084502179947,5.44233310015363e-14,1.28801883370303e-12,"Bacteria","Firmicutes","Clostridia","Clostridiales","Family_XI","Gallicola","0.0e+00","BB","Otu0253","D36_BBvsControl"
"Otu02801",11.3327826885657,5.39536362981381,0.649165758513305,8.31122646112768,9.47179692478597e-17,2.98887814071024e-15,"Bacteria","Firmicutes","Bacilli","Lactobacillales","Aerococcaceae","Facklamia","0.0e+00","BB","Otu0280","D36_BBvsControl"
"Otu02961",6.29507056729348,3.29189222084827,0.666588604452772,4.93841658687026,7.87594534261377e-07,6.04532020892516e-06,"Bacteria","Firmicutes","Bacilli","Lactobacillales","Carnobacteriaceae","uncultured","0.0e+00","BB","Otu0296","D36_BBvsControl"
"Otu02981",1.11346612093228,-2.9655012910368,0.990478414462782,-2.99400900386631,0.00275337819068347,0.00989822033106461,"Bacteria","Proteobacteria","Gammaproteobacteria","Gammaproteobacteria_unclassified","Gammaproteobacteria_unclassified","Gammaproteobacteria_unclassified","1.0e-02","Control","Otu0298","D36_BBvsControl"
"Otu03271",7.14958662326343,-1.51922401664029,0.439304267261578,-3.4582500782668,0.000543696452468031,0.00233954231062001,"Bacteria","Firmicutes","Clostridia","Clostridiales","Clostridiales_vadinBB60_group","Clostridiales_vadinBB60_group_ge","2.0e-03","Control","Otu0327","D36_BBvsControl"
"Otu03301",8.42082962905926,2.7488374096505,0.845265225017976,3.25204128632174,0.00114579377165139,0.00458317508660556,"Bacteria","Firmicutes","Negativicutes","Selenomonadales","Acidaminococcaceae","Acidaminococcus","5.0e-03","BB","Otu0330","D36_BBvsControl"
"Otu03631",5.78518255108643,-3.31167861338018,0.643813776986778,-5.14384552141728,2.69170895644938e-07,2.24836865774007e-06,"Bacteria","Firmicutes","Bacilli","Lactobacillales","Aerococcaceae","Aerosphaera","0.0e+00","Control","Otu0363","D36_BBvsControl"
"Otu0365",6.20534350182536,3.98109943153416,0.698181158939834,5.70210092403429,1.18339724173981e-08,1.05026505204408e-07,"Bacteria","Firmicutes","Negativicutes","Selenomonadales","Veillonellaceae","Allisonella","0.0e+00","BB","Otu0365","D36_BBvsControl"
"Otu0372",5.26662948803147,1.86249321978609,0.592420349202643,3.14387110823064,0.00166728858997831,0.00631346612738455,"Bacteria","Firmicutes","Clostridia","Clostridiales","Lachnospiraceae","Lachnospiraceae_UCG-004","6.0e-03","BB","Otu0372","D36_BBvsControl"
"Otu03741",8.92761922770552,-1.7010492230996,0.431465646035588,-3.94249052903576,8.06398356000248e-05,0.000401784444042229,"Bacteria","Firmicutes","Clostridia","Clostridiales","Family_XIII","Family_XIII_unclassified","0.0e+00","Control","Otu0374","D36_BBvsControl"
"Otu0378",9.13229443247513,0.90662221948792,0.322731178835559,2.80921794652468,0.00496620139536543,0.016992785497395,"Bacteria","Firmicutes","Clostridia","Clostridiales","Lachnospiraceae","Acetitomaculum","1.7e-02","BB","Otu0378","D36_BBvsControl"
"Otu03873",3.76025016341405,3.97671205965476,0.817685966007901,4.86337325693607,1.15401931194521e-06,8.19353711481098e-06,"Bacteria","Proteobacteria","Gammaproteobacteria","Xanthomonadales","Xanthomonadaceae","Stenotrophomonas","0.0e+00","BB","Otu0387","D36_BBvsControl"
"Otu0396",5.24585807682446,-2.72891871012974,0.601648406945716,-4.53573661730972,5.74027806359125e-06,3.79125341874399e-05,"Bacteria","Firmicutes","Clostridia","Clostridiales","Lachnospiraceae","Cellulosilyticum","0.0e+00","Control","Otu0396","D36_BBvsControl"
"Otu04082",1.85003158683832,4.31398627767638,1.27108990385893,3.39392694771587,0.00068898068847603,0.00292045545562974,"Bacteria","Proteobacteria","Alphaproteobacteria","Rhizobiales","Rhizobiaceae","Pseudochrobactrum","3.0e-03","BB","Otu0408","D36_BBvsControl"
"Otu04151",10.3931713763157,6.48642193571812,1.09441677577954,5.92682977752962,3.08838821029976e-09,3.24852685824123e-08,"Bacteria","Actinobacteria","Actinobacteria","Micrococcales","Beutenbergiaceae","Beutenbergiaceae_unclassified","0.0e+00","BB","Otu0415","D36_BBvsControl"
"Otu0460",8.01054661345437,1.67424799577567,0.594091427731025,2.81816555099947,0.00482988996309087,0.0167279115794854,"Bacteria","Actinobacteria","Actinobacteria","Micrococcales","Micrococcales_unclassified","Micrococcales_unclassified","1.7e-02","BB","Otu0460","D36_BBvsControl"
"Otu04672",2.11842295385061,4.52299752347464,0.993682835387132,4.55175168816568,5.32011037652591e-06,3.59740796888895e-05,"Bacteria","Firmicutes","Bacilli","Bacillales","Paenibacillaceae","Saccharibacillus","0.0e+00","BB","Otu0467","D36_BBvsControl"
"Otu0469",5.82845792325267,5.48650658631447,1.49785941196037,3.66289822830156,0.000249377635632791,0.00118038747532855,"Bacteria","Tenericutes","Mollicutes","Mycoplasmatales","Mycoplasmataceae","Mycoplasma","1.0e-03","BB","Otu0469","D36_BBvsControl"
"Otu0477",3.1579846215059,-2.91340801519204,0.762836428273977,-3.81917788297555,0.000133897182956802,0.000654337914928481,"Bacteria","Fibrobacteres","Fibrobacteria","Fibrobacterales","Fibrobacteraceae","Fibrobacter","1.0e-03","Control","Otu0477","D36_BBvsControl"
"Otu0482",6.41734342742214,5.82816226654036,0.993465807297135,5.86649507585642,4.45103479492463e-09,4.5146210062807e-08,"Bacteria","Bacteroidetes","Bacteroidia","Sphingobacteriales","Sphingobacteriaceae","Sphingobacteriaceae_unclassified","0.0e+00","BB","Otu0482","D36_BBvsControl"
"Otu0514",5.1431170030523,-5.2710026412535,1.09797580188941,-4.80065465211811,1.5814778990306e-06,1.09546273981632e-05,"Bacteria","Firmicutes","Clostridia","Clostridiales","Lachnospiraceae","Lachnoclostridium_12","0.0e+00","Control","Otu0514","D36_BBvsControl"
"Otu0542",1.44581256701392,3.95048003518099,1.17776657197259,3.35421307514654,0.000795910487861173,0.00327592142829816,"Bacteria","Firmicutes","Clostridia","Clostridiales","Lachnospiraceae","Tyzzerella","3.0e-03","BB","Otu0542","D36_BBvsControl"
"Otu05592",4.58864116726028,3.23938085142274,0.622128555933088,5.2069316229412,1.91988797813594e-07,1.6522672296685e-06,"Bacteria","Firmicutes","Bacilli","Lactobacillales","Aerococcaceae","Ignavigranum","0.0e+00","BB","Otu0559","D36_BBvsControl"
"Otu0591",5.73334302275395,-6.06799216012754,0.805825017764649,-7.53016104781667,5.06777785794849e-14,1.28801883370303e-12,"Bacteria","Proteobacteria","Alphaproteobacteria","Alphaproteobacteria_unclassified","Alphaproteobacteria_unclassified","Alphaproteobacteria_unclassified","0.0e+00","Control","Otu0591","D36_BBvsControl"
"Otu0617",3.26356093194382,4.48566572519746,0.9994402671886,4.48817790563464,7.18349297228705e-06,4.43502609593374e-05,"Bacteria","Actinobacteria","Actinobacteria","Micrococcales","Microbacteriaceae","Pseudoclavibacter","0.0e+00","BB","Otu0617","D36_BBvsControl"
"Otu0620",2.59616116759783,-4.83290550619929,0.981298877684903,-4.92500869623041,8.43566026109893e-07,6.30454608987394e-06,"Bacteria","Bacteroidetes","Bacteroidia","Bacteroidales","Muribaculaceae","CAG-873","0.0e+00","Control","Otu0620","D36_BBvsControl"
"Otu06521",1.90124701576118,3.36472414390346,0.8505745643937,3.9558250208221,7.62709737053602e-05,0.000386802795220041,"Bacteria","Actinobacteria","Actinobacteria","Bifidobacteriales","Bifidobacteriaceae","Bifidobacterium","0.0e+00","BB","Otu0652","D36_BBvsControl"
"Otu0693",0.918785497812875,2.95584291414407,1.04285298755028,2.83438121138005,0.00459145243565151,0.0160984258237658,"Bacteria","Firmicutes","Clostridia","Clostridiales","Family_XI","Helcococcus","1.6e-02","BB","Otu0693","D36_BBvsControl"
"Otu0750",0.712570751523871,-3.08686146168402,1.13468699359736,-2.72045196525748,0.00651927427733126,0.0220413558900247,"Bacteria","Actinobacteria","Actinobacteria","Actinomycetales","Actinomycetaceae","Arcanobacterium","2.2e-02","Control","Otu0750","D36_BBvsControl"
"Otu0813",1.05180690656571,-3.49585883650502,0.983159345827191,-3.55573982116169,0.000376916945138751,0.00164683711414469,"Bacteria","Verrucomicrobia","Verrucomicrobiae","Opitutales","Puniceicoccaceae","Puniceicoccaceae_unclassified","2.0e-03","Control","Otu0813","D36_BBvsControl"
"Otu0934",0.868701336933537,3.27637382651197,1.24710763272001,2.62717807232565,0.00860962654670671,0.0287662816384083,"Bacteria","Proteobacteria","Gammaproteobacteria","Aeromonadales","Aeromonadaceae","Tolumonas","2.9e-02","BB","Otu0934","D36_BBvsControl"
"Otu00327",20.9844837998193,7.78304993544986,1.85264381467873,4.20105034426142,2.65679497422782e-05,0.000351287335481234,"Bacteria","Proteobacteria","Gammaproteobacteria","Betaproteobacteriales","Burkholderiaceae","Bordetella","0.0e+00","BB","Otu0032","D42_BBvsControl"
"Otu00344",95.6396719456038,4.48089434102097,0.841284812300468,5.32625131882281,1.00260385986624e-07,2.16927016952877e-06,"Bacteria","Proteobacteria","Gammaproteobacteria","Pseudomonadales","Moraxellaceae","Acinetobacter","0.0e+00","BB","Otu0034","D42_BBvsControl"
"Otu00524",20.910970998541,1.15286875031664,0.391007195867977,2.94845916520141,0.00319362328131886,0.0180971985941402,"Bacteria","Firmicutes","Clostridia","Clostridiales","Family_XIII","Mogibacterium","1.8e-02","BB","Otu0052","D42_BBvsControl"
"Otu00654",32.6419551304939,-0.72183057071437,0.222735485437842,-3.24075245260283,0.00119214660088758,0.00766840245976335,"Bacteria","Firmicutes","Clostridia","Clostridiales","Ruminococcaceae","Subdoligranulum","8.0e-03","Control","Otu0065","D42_BBvsControl"
"Otu00946",6.84165888877975,3.7476646964787,1.01457815156817,3.69381569146368,0.000220913948731264,0.00202221229992465,"Bacteria","Firmicutes","Negativicutes","Selenomonadales","Acidaminococcaceae","Succiniclasticum","2.0e-03","BB","Otu0094","D42_BBvsControl"
"Otu01022",73.3471608221789,-1.21540596655907,0.432645597112377,-2.80924150082908,0.00496583803805108,0.0251461585756629,"Bacteria","Bacteroidetes","Bacteroidia","Bacteroidales","Tannerellaceae","Parabacteroides","2.5e-02","Control","Otu0102","D42_BBvsControl"
"Otu01141",4.40111877965987,4.44284085699934,1.34962316932857,3.29191211144488,0.000995087040504562,0.00676659187543102,"Bacteria","Firmicutes","Clostridia","Clostridiales","Family_XI","Parvimonas","7.0e-03","BB","Otu0114","D42_BBvsControl"
"Otu01182",14.0815943657669,-0.760023275190039,0.278999802766186,-2.72409968628892,0.00644770418782264,0.0289538414472035,"Bacteria","Actinobacteria","Coriobacteriia","Coriobacteriales","Atopobiaceae","uncultured","2.9e-02","Control","Otu0118","D42_BBvsControl"
"Otu01232",84.8141503029026,1.38760933697252,0.256836181446202,5.4027019447148,6.56444871199484e-08,1.56233879345477e-06,"Bacteria","Firmicutes","Clostridia","Clostridiales","Family_XIII","Family_XIII_AD3011_group","0.0e+00","BB","Otu0123","D42_BBvsControl"
"Otu01392",15.0437790073493,2.26924708426178,0.82607840391869,2.74701175275505,0.00601409793355131,0.0275730514545192,"Bacteria","Actinobacteria","Actinobacteria","Actinomycetales","Actinomycetaceae","Actinomyces","2.8e-02","BB","Otu0139","D42_BBvsControl"
"Otu01502",3.31223530386203,2.60285069843796,0.824057416824183,3.15857929956996,0.00158540170455183,0.00992962120219301,"Bacteria","Firmicutes","Clostridia","Clostridiales","Family_XIII","Family_XIII_ge","1.0e-02","BB","Otu0150","D42_BBvsControl"
"Otu01521",118.028539193141,-1.13703905532242,0.234235446218944,-4.8542570036971,1.20838939970569e-06,2.21228213176888e-05,"Bacteria","Firmicutes","Clostridia","Clostridiales","Ruminococcaceae","Ruminococcaceae_unclassified","0.0e+00","Control","Otu0152","D42_BBvsControl"
"Otu01565",67.7638577417325,-1.99377473642681,0.326625040279868,-6.10416989070539,1.03336325410936e-09,4.21902895251917e-08,"Bacteria","Bacteria_unclassified","Bacteria_unclassified","Bacteria_unclassified","Bacteria_unclassified","Bacteria_unclassified","0.0e+00","Control","Otu0156","D42_BBvsControl"
"Otu0164",12.9623839275414,4.10687600898348,1.3283754590062,3.09165302711627,0.00199045358382473,0.0118431988237572,"Bacteria","Fusobacteria","Fusobacteriia","Fusobacteriales","Leptotrichiaceae","Leptotrichiaceae_unclassified","1.2e-02","BB","Otu0164","D42_BBvsControl"
"Otu0194",34.160038752796,0.628619591748297,0.218656011538061,2.87492480689869,0.00404123727291911,0.0216909505434505,"Bacteria","Firmicutes","Clostridia","Clostridiales","Ruminococcaceae","Ruminococcaceae_ge","2.2e-02","BB","Otu0194","D42_BBvsControl"
"Otu02162",1.24999580231733,3.79882729357907,1.27070804992384,2.98953586845282,0.00279401641045625,0.0162189245289899,"Bacteria","Proteobacteria","Alphaproteobacteria","Caulobacterales","Caulobacteraceae","Brevundimonas","1.6e-02","BB","Otu0216","D42_BBvsControl"
"Otu02243",1.7075050391959,4.15491377793278,1.04484012482153,3.97660242866581,6.99068951261156e-05,0.000831892052000775,"Bacteria","Actinobacteria","Actinobacteria","Micrococcales","Micrococcaceae","Micrococcaceae_unclassified","1.0e-03","BB","Otu0224","D42_BBvsControl"
"Otu02531",29.8240530772558,5.23148478432608,0.820851256901716,6.37324331337714,1.85071913004747e-10,1.46823717650433e-08,"Bacteria","Firmicutes","Clostridia","Clostridiales","Family_XI","Gallicola","0.0e+00","BB","Otu0253","D42_BBvsControl"
"Otu0257",6.31559360982473,-1.59961844633302,0.550560719108564,-2.90543511517317,0.00366742878626283,0.020298791886757,"Bacteria","Firmicutes","Negativicutes","Selenomonadales","Veillonellaceae","Mitsuokella","2.0e-02","Control","Otu0257","D42_BBvsControl"
"Otu0265",2.3136299956012,1.99467190457328,0.612477841096835,3.25672501228973,0.00112705561716687,0.00745108991349211,"Bacteria","Actinobacteria","Coriobacteriia","Coriobacteriales","uncultured","uncultured_ge","7.0e-03","BB","Otu0265","D42_BBvsControl"
"Otu02661",20.8356980104923,2.92112812103109,1.01771936359311,2.87026878482286,0.00410123014477006,0.0216909505434505,"Bacteria","Fusobacteria","Fusobacteriia","Fusobacteriales","Leptotrichiaceae","Leptotrichia","2.2e-02","BB","Otu0266","D42_BBvsControl"
"Otu02671",17.8565087820772,1.44346803165463,0.433541557886207,3.32948019722139,0.000870082511941081,0.00627514054066598,"Bacteria","Firmicutes","Clostridia","Clostridiales","Ruminococcaceae","Ruminiclostridium_6","6.0e-03","BB","Otu0267","D42_BBvsControl"
"Otu02802",24.3312912525658,6.83318274944189,0.838908513856853,8.145325308509,3.7826357789764e-16,4.50133657698191e-14,"Bacteria","Firmicutes","Bacilli","Lactobacillales","Aerococcaceae","Facklamia","0.0e+00","BB","Otu0280","D42_BBvsControl"
"Otu0282",2.27531506318518,-4.01975426374592,1.49502359927121,-2.6887563953542,0.00717187354717988,0.0310346528041602,"Bacteria","Actinobacteria","Actinobacteria","Actinomycetales","Actinomycetaceae","Actinotignum","3.1e-02","Control","Otu0282","D42_BBvsControl"
"Otu02962",17.6479943145704,5.3177738001518,0.952401701362561,5.58354084473378,2.35670397451767e-08,7.01119432419006e-07,"Bacteria","Firmicutes","Bacilli","Lactobacillales","Carnobacteriaceae","uncultured","0.0e+00","BB","Otu0296","D42_BBvsControl"
"Otu0321",3.28459655506731,3.9299289968381,1.08160099188995,3.63343693867282,0.000279670823280506,0.0023772019978843,"Bacteria","Proteobacteria","Alphaproteobacteria","Rhodobacterales","Rhodobacteraceae","Paracoccus","2.0e-03","BB","Otu0321","D42_BBvsControl"
"Otu03874",2.304845842796,4.01278516294174,1.2148954774719,3.30298798320662,0.00095660487071327,0.00669623409499289,"Bacteria","Proteobacteria","Gammaproteobacteria","Xanthomonadales","Xanthomonadaceae","Stenotrophomonas","7.0e-03","BB","Otu0387","D42_BBvsControl"
"Otu03961",8.11104006125441,-2.08273308253304,0.546917917671826,-3.8081273537335,0.000140023158481417,0.00138856298827405,"Bacteria","Firmicutes","Clostridia","Clostridiales","Lachnospiraceae","Cellulosilyticum","1.0e-03","Control","Otu0396","D42_BBvsControl"
"Otu04083",1.26715008724522,3.76235391910935,1.3354010015286,2.81739635869875,0.00484147373410354,0.0250493641025357,"Bacteria","Proteobacteria","Alphaproteobacteria","Rhizobiales","Rhizobiaceae","Pseudochrobactrum","2.5e-02","BB","Otu0408","D42_BBvsControl"
"Otu04942",2.24568032029361,4.62299488681863,1.23535155767761,3.74225042101344,0.000182379633561911,0.0017362541115094,"Bacteria","Proteobacteria","Gammaproteobacteria","Pseudomonadales","Moraxellaceae","Psychrobacter","2.0e-03","BB","Otu0494","D42_BBvsControl"
"Otu04961",2.31183941406329,4.68155224126011,1.22120194037359,3.8335610896818,0.000126301416029703,0.00130694508761171,"Bacteria","Tenericutes","Mollicutes","Anaeroplasmatales","Anaeroplasmataceae","Anaeroplasma","1.0e-03","BB","Otu0496","D42_BBvsControl"
"Otu05593",3.08668927797736,3.5990204416936,0.984152715670275,3.65697354118707,0.000255210712308448,0.00224963516775595,"Bacteria","Firmicutes","Bacilli","Lactobacillales","Aerococcaceae","Ignavigranum","2.0e-03","BB","Otu0559","D42_BBvsControl"
"Otu05911",3.26549180658979,-3.50740917360379,1.03064744422128,-3.40311247388176,0.000666228487087245,0.00517334485860804,"Bacteria","Proteobacteria","Alphaproteobacteria","Alphaproteobacteria_unclassified","Alphaproteobacteria_unclassified","Alphaproteobacteria_unclassified","5.0e-03","Control","Otu0591","D42_BBvsControl"
"Otu06091",2.05456484947933,3.27582408129451,1.21151346439878,2.70391058585564,0.00685287266410585,0.0302034017417999,"Bacteria","Bacteroidetes","Bacteroidia","Flavobacteriales","Flavobacteriaceae","Flavobacterium","3.0e-02","BB","Otu0609","D42_BBvsControl"
"Otu0642",3.23247103779995,5.1423612303933,0.98126012162772,5.24056885330581,1.6008234216171e-07,3.17496645287391e-06,"Bacteria","Actinobacteria","Actinobacteria","Actinomycetales","Actinomycetaceae","Flaviflexus","0.0e+00","BB","Otu0642","D42_BBvsControl"
"Otu0682",1.98372191227372,-1.91309031697179,0.692750432296177,-2.7615866086589,0.00575212581587063,0.0275730514545192,"Bacteria","Firmicutes","Clostridia","Clostridiales","Ruminococcaceae","GCA-900066225","2.8e-02","Control","Otu0682","D42_BBvsControl"
"Otu06862",1.87031868015577,3.61353344762578,1.03313649035524,3.49763412807466,0.00046940460894461,0.00385235506651094,"Bacteria","Actinobacteria","Actinobacteria","Micrococcales","Microbacteriaceae","Leucobacter","4.0e-03","BB","Otu0686","D42_BBvsControl"
"Otu06931",3.01962478053246,4.29021410730106,1.04588143204917,4.10200810133452,4.09579928916172e-05,0.000513052753063415,"Bacteria","Firmicutes","Clostridia","Clostridiales","Family_XI","Helcococcus","1.0e-03","BB","Otu0693","D42_BBvsControl"
"Otu0706",2.71201076661093,-2.11679252738939,0.792577800594534,-2.67076938794088,0.007567761948815,0.0321629882824638,"Bacteria","Firmicutes","Clostridia","Clostridiales","Lachnospiraceae","Oribacterium","3.2e-02","Control","Otu0706","D42_BBvsControl"
"Otu0715",2.03598834232431,-4.351452985203,1.02471055560272,-4.24651913792725,2.17117242749839e-05,0.000322961898590385,"Bacteria","Firmicutes","Clostridia","Clostridiales","Ruminococcaceae","Angelakisella","0.0e+00","Control","Otu0715","D42_BBvsControl"
"Otu0801",1.08686810200959,3.62220917350602,1.0653531605371,3.40000791069121,0.000673839036205249,0.00517334485860804,"Bacteria","Actinobacteria","Actinobacteria","Corynebacteriales","Dietziaceae","Dietzia","5.0e-03","BB","Otu0801","D42_BBvsControl"
